,Code,Name,Date,Open,High,Low,Close,Volume,Change
0,195870,해성디에스,2019-01-02,13000,13050,12300,12350,53965,-0.04633204633204635
1,195870,해성디에스,2019-01-03,12450,13000,12250,12450,49482,0.008097165991902909
2,195870,해성디에스,2019-01-04,12300,12700,12200,12650,26906,0.016064257028112428
3,195870,해성디에스,2019-01-07,12800,13000,12750,12900,22264,0.019762845849802483
4,195870,해성디에스,2019-01-08,12750,12950,12650,12650,17164,-0.019379844961240345
5,195870,해성디에스,2019-01-09,12600,13050,12600,12950,21773,0.02371541501976293
6,195870,해성디에스,2019-01-10,13000,13300,12800,13150,32951,0.015444015444015413
7,195870,해성디에스,2019-01-11,13200,13350,13050,13200,20062,0.0038022813688212147
8,195870,해성디에스,2019-01-14,13200,13200,12700,12850,54304,-0.02651515151515149
9,195870,해성디에스,2019-01-15,12850,13250,12850,13150,33918,0.023346303501945442
10,195870,해성디에스,2019-01-16,13200,14000,13100,13750,120385,0.04562737642585546
11,195870,해성디에스,2019-01-17,13700,13900,13350,13600,47636,-0.010909090909090868
12,195870,해성디에스,2019-01-18,13600,13800,13400,13600,45520,0.0
13,195870,해성디에스,2019-01-21,13050,13300,12700,12900,173249,-0.051470588235294164
14,195870,해성디에스,2019-01-22,13000,13000,12500,12500,80095,-0.03100775193798455
15,195870,해성디에스,2019-01-23,12400,12650,12300,12300,43920,-0.016000000000000014
16,195870,해성디에스,2019-01-24,12400,12550,12350,12450,30180,0.012195121951219523
17,195870,해성디에스,2019-01-25,12550,13350,12550,13050,153170,0.04819277108433728
18,195870,해성디에스,2019-01-28,13100,13450,13100,13350,66711,0.02298850574712641
19,195870,해성디에스,2019-01-29,13200,13400,13050,13300,37412,-0.0037453183520599342
20,195870,해성디에스,2019-01-30,13450,13500,13050,13150,25360,-0.011278195488721776
21,195870,해성디에스,2019-01-31,13250,13550,13200,13450,63346,0.02281368821292773
22,195870,해성디에스,2019-02-01,13350,13700,13150,13350,39077,-0.007434944237918238
23,195870,해성디에스,2019-02-07,13350,13550,13250,13550,51432,0.014981273408239737
24,195870,해성디에스,2019-02-08,13500,13600,13350,13500,35128,-0.0036900369003689533
25,195870,해성디에스,2019-02-11,13600,13600,13300,13500,35954,0.0
26,195870,해성디에스,2019-02-12,13550,13750,13450,13550,27606,0.003703703703703765
27,195870,해성디에스,2019-02-13,13550,14200,13500,14000,112714,0.033210332103321034
28,195870,해성디에스,2019-02-14,14000,14200,13700,14000,60204,0.0
29,195870,해성디에스,2019-02-15,14000,14100,13450,13900,70659,-0.007142857142857118
30,195870,해성디에스,2019-02-18,14050,14050,13750,13850,61594,-0.0035971223021582506
31,195870,해성디에스,2019-02-19,13850,14950,13750,14550,165412,0.05054151624548742
32,195870,해성디에스,2019-02-20,14500,14700,14350,14600,44275,0.003436426116838476
33,195870,해성디에스,2019-02-21,14500,14600,14150,14450,46970,-0.010273972602739769
34,195870,해성디에스,2019-02-22,14350,14700,14150,14500,46669,0.0034602076124568004
35,195870,해성디에스,2019-02-25,14250,14650,14250,14400,29315,-0.006896551724137946
36,195870,해성디에스,2019-02-26,14500,14500,14050,14150,25571,-0.01736111111111116
37,195870,해성디에스,2019-02-27,14250,14250,13950,14150,17177,0.0
38,195870,해성디에스,2019-02-28,14150,14150,13500,13550,64063,-0.042402826855123636
39,195870,해성디에스,2019-03-04,13650,14000,13650,13950,22556,0.029520295202952074
40,195870,해성디에스,2019-03-05,13750,13850,13600,13750,21626,-0.01433691756272404
41,195870,해성디에스,2019-03-06,13850,15750,13750,15000,702199,0.09090909090909084
42,195870,해성디에스,2019-03-07,14900,15600,14400,14450,459220,-0.03666666666666663
43,195870,해성디에스,2019-03-08,14250,14550,14050,14100,124158,-0.02422145328719727
44,195870,해성디에스,2019-03-11,14100,14200,13650,13750,64590,-0.024822695035460973
45,195870,해성디에스,2019-03-12,13800,14050,13800,13950,21622,0.01454545454545464
46,195870,해성디에스,2019-03-13,13950,14000,13750,13850,18156,-0.007168458781361964
47,195870,해성디에스,2019-03-14,13900,14350,13900,14200,56315,0.0252707581227436
48,195870,해성디에스,2019-03-15,14200,14300,13750,14050,40406,-0.010563380281690129
49,195870,해성디에스,2019-03-18,14200,14250,14000,14050,16100,0.0
50,195870,해성디에스,2019-03-19,14150,14150,13900,14150,20711,0.007117437722419906
51,195870,해성디에스,2019-03-20,14150,14450,13800,14350,77318,0.014134275618374659
52,195870,해성디에스,2019-03-21,14600,14600,14000,14050,71500,-0.020905923344947785
53,195870,해성디에스,2019-03-22,14250,14550,14000,14350,85336,0.021352313167259718
54,195870,해성디에스,2019-03-25,14150,14600,13950,14150,75506,-0.013937282229965152
55,195870,해성디에스,2019-03-26,14200,14700,14200,14600,64234,0.03180212014134276
56,195870,해성디에스,2019-03-27,14700,14700,14350,14350,27320,-0.017123287671232834
57,195870,해성디에스,2019-03-28,14300,14300,13900,14050,46018,-0.020905923344947785
58,195870,해성디에스,2019-03-29,14050,14150,13750,14100,17463,0.003558718861210064
59,195870,해성디에스,2019-04-01,14200,14350,14050,14250,20030,0.010638297872340495
60,195870,해성디에스,2019-04-02,14300,14350,14000,14000,28897,-0.017543859649122858
61,195870,해성디에스,2019-04-03,14050,14600,14000,14550,54441,0.03928571428571437
62,195870,해성디에스,2019-04-04,14550,15400,14550,15300,241002,0.051546391752577365
63,195870,해성디에스,2019-04-05,15400,15400,15000,15300,79111,0.0
64,195870,해성디에스,2019-04-08,15300,15350,15000,15200,42704,-0.006535947712418277
65,195870,해성디에스,2019-04-09,15150,15550,15050,15100,105276,-0.006578947368421018
66,195870,해성디에스,2019-04-10,15100,15400,14950,15100,58399,0.0
67,195870,해성디에스,2019-04-11,15100,15250,14700,14900,71271,-0.013245033112582738
68,195870,해성디에스,2019-04-12,14900,15050,14750,14900,54931,0.0
69,195870,해성디에스,2019-04-15,15000,15000,14700,14800,35475,-0.0067114093959731455
70,195870,해성디에스,2019-04-16,14900,15350,14750,15100,70589,0.02027027027027017
71,195870,해성디에스,2019-04-17,15100,15500,15000,15450,95421,0.023178807947019875
72,195870,해성디에스,2019-04-18,15400,15600,14950,15100,48447,-0.02265372168284785
73,195870,해성디에스,2019-04-19,15100,15200,14850,14900,38793,-0.013245033112582738
74,195870,해성디에스,2019-04-22,14450,15750,14400,15400,239111,0.033557046979865834
75,195870,해성디에스,2019-04-23,15500,15700,15350,15550,115471,0.009740259740259829
76,195870,해성디에스,2019-04-24,15700,15850,15350,15400,74240,-0.009646302250803871
77,195870,해성디에스,2019-04-25,15650,16300,15400,16000,156612,0.03896103896103886
78,195870,해성디에스,2019-04-26,15700,16200,15450,15750,57509,-0.015625
79,195870,해성디에스,2019-04-29,15650,16000,15500,15900,32145,0.00952380952380949
80,195870,해성디에스,2019-04-30,16000,16200,15350,15600,51419,-0.018867924528301886
81,195870,해성디에스,2019-05-02,15500,16100,15350,15900,59349,0.01923076923076916
82,195870,해성디에스,2019-05-03,16800,16950,15950,15950,156729,0.003144654088050425
83,195870,해성디에스,2019-05-07,15800,16250,15450,16100,63442,0.00940438871473348
84,195870,해성디에스,2019-05-08,15850,18700,15650,16250,963177,0.009316770186335477
85,195870,해성디에스,2019-05-09,16300,17550,14900,15000,852118,-0.07692307692307687
86,195870,해성디에스,2019-05-10,15000,16100,14900,15150,551098,0.010000000000000007
87,195870,해성디에스,2019-05-13,15300,15450,14800,14900,180511,-0.016501650165016483
88,195870,해성디에스,2019-05-14,14500,15050,14350,14900,156324,0.0
89,195870,해성디에스,2019-05-15,15100,15900,14800,15350,217290,0.030201342281879207
90,195870,해성디에스,2019-05-16,15250,15450,14800,14900,99151,-0.02931596091205213
91,195870,해성디에스,2019-05-17,15100,15200,14700,14850,63640,-0.0033557046979866283
92,195870,해성디에스,2019-05-20,14750,14950,14500,14500,75638,-0.023569023569023573
93,195870,해성디에스,2019-05-21,14300,15050,14300,14800,57413,0.020689655172413838
94,195870,해성디에스,2019-05-22,14950,14950,14550,14900,44921,0.0067567567567568
95,195870,해성디에스,2019-05-23,14900,15400,14450,15200,75558,0.020134228187919545
96,195870,해성디에스,2019-05-24,15200,15200,14900,15100,54812,-0.006578947368421018
97,195870,해성디에스,2019-05-27,14950,15050,14550,14700,38498,-0.026490066225165587
98,195870,해성디에스,2019-05-28,14700,15000,14550,15000,23996,0.020408163265306145
99,195870,해성디에스,2019-05-29,14900,15000,14650,14650,44081,-0.023333333333333317
100,195870,해성디에스,2019-05-30,14700,15100,14400,14800,60835,0.010238907849829282
101,195870,해성디에스,2019-05-31,14950,15800,14850,15300,199541,0.03378378378378377
102,195870,해성디에스,2019-06-03,14950,15650,14850,15400,64093,0.006535947712418277
103,195870,해성디에스,2019-06-04,15900,15900,15400,15550,60053,0.009740259740259829
104,195870,해성디에스,2019-06-05,15600,15650,15050,15100,82698,-0.02893890675241162
105,195870,해성디에스,2019-06-07,15150,15450,15000,15450,48764,0.023178807947019875
106,195870,해성디에스,2019-06-10,15600,15700,15350,15700,41652,0.016181229773462702
107,195870,해성디에스,2019-06-11,15600,16250,15450,16050,160372,0.022292993630573358
108,195870,해성디에스,2019-06-12,16100,16150,15700,15950,125634,-0.006230529595015577
109,195870,해성디에스,2019-06-13,16150,16200,15850,16150,65947,0.012539184952978122
110,195870,해성디에스,2019-06-14,16250,16250,15650,15850,48101,-0.018575851393188847
111,195870,해성디에스,2019-06-17,16000,16000,15650,15900,52789,0.003154574132492094
112,195870,해성디에스,2019-06-18,15750,15900,15000,15200,128531,-0.044025157232704386
113,195870,해성디에스,2019-06-19,15300,15450,14900,15050,55724,-0.009868421052631526
114,195870,해성디에스,2019-06-20,15050,15400,14950,15000,46772,-0.0033222591362126463
115,195870,해성디에스,2019-06-21,15050,15100,14600,14700,91206,-0.020000000000000014
116,195870,해성디에스,2019-06-24,14750,14900,14600,14800,33621,0.006802721088435382
117,195870,해성디에스,2019-06-25,14800,14900,14200,14300,84888,-0.03378378378378377
118,195870,해성디에스,2019-06-26,14400,14650,14100,14550,68822,0.0174825174825175
119,195870,해성디에스,2019-06-27,14800,14800,14300,14650,61606,0.006872852233676952
120,195870,해성디에스,2019-06-28,14550,14750,13850,14050,89194,-0.04095563139931746
121,195870,해성디에스,2019-07-01,14050,14200,13100,13350,157064,-0.04982206405693945
122,195870,해성디에스,2019-07-02,13450,13750,13350,13550,34012,0.014981273408239737
123,195870,해성디에스,2019-07-03,13450,13600,13000,13450,52502,-0.0073800738007380184
124,195870,해성디에스,2019-07-04,13300,13600,13050,13550,89501,0.007434944237918238
125,195870,해성디에스,2019-07-05,13400,13800,13300,13650,41229,0.0073800738007379066
126,195870,해성디에스,2019-07-08,13600,13700,13100,13100,121882,-0.04029304029304026
127,195870,해성디에스,2019-07-09,13100,13300,12650,12800,67018,-0.022900763358778664
128,195870,해성디에스,2019-07-10,12550,13350,12550,13250,59404,0.03515625
129,195870,해성디에스,2019-07-11,13250,13500,13250,13400,21035,0.01132075471698113
130,195870,해성디에스,2019-07-12,13400,13550,12900,13200,64511,-0.0149253731343284
131,195870,해성디에스,2019-07-15,13100,13300,12900,13200,34610,0.0
132,195870,해성디에스,2019-07-16,13100,13900,13100,13600,98044,0.03030303030303028
133,195870,해성디에스,2019-07-17,13600,13800,13300,13750,46983,0.011029411764705843
134,195870,해성디에스,2019-07-18,13750,13950,13550,13800,50905,0.00363636363636366
135,195870,해성디에스,2019-07-19,13950,14100,13600,13600,36200,-0.01449275362318836
136,195870,해성디에스,2019-07-22,13550,14450,13500,14350,94515,0.05514705882352944
137,195870,해성디에스,2019-07-23,14400,14750,14100,14600,124821,0.017421602787456525
138,195870,해성디에스,2019-07-24,14700,15000,14100,14150,91026,-0.030821917808219187
139,195870,해성디에스,2019-07-25,14150,14450,13300,14150,112340,0.0
140,195870,해성디에스,2019-07-26,14150,14350,13550,13900,57947,-0.017667844522968212
141,195870,해성디에스,2019-07-29,13650,13800,13150,13200,53400,-0.05035971223021585
142,195870,해성디에스,2019-07-30,12900,13550,12900,13250,70457,0.003787878787878896
143,195870,해성디에스,2019-07-31,13100,13550,12750,12950,75099,-0.02264150943396226
144,195870,해성디에스,2019-08-01,13000,13100,12650,12650,40484,-0.02316602316602312
145,195870,해성디에스,2019-08-02,12500,12800,12300,12400,60119,-0.01976284584980237
146,195870,해성디에스,2019-08-05,12200,12400,11450,11500,105237,-0.07258064516129037
147,195870,해성디에스,2019-08-06,11000,11600,10750,11150,131636,-0.0304347826086957
148,195870,해성디에스,2019-08-07,11150,11450,11150,11300,36954,0.013452914798206315
149,195870,해성디에스,2019-08-08,11300,11800,11300,11650,41239,0.030973451327433562
150,195870,해성디에스,2019-08-09,11800,12050,11700,11800,35622,0.012875536480686732
151,195870,해성디에스,2019-08-12,11650,11950,11500,11700,14004,-0.008474576271186418
152,195870,해성디에스,2019-08-13,11550,11950,11550,11700,33445,0.0
153,195870,해성디에스,2019-08-14,11850,12000,11500,11700,33489,0.0
154,195870,해성디에스,2019-08-16,11700,11700,11000,11450,90218,-0.021367521367521403
155,195870,해성디에스,2019-08-19,11450,11850,11450,11600,43559,0.013100436681222629
156,195870,해성디에스,2019-08-20,11550,11850,11550,11750,72600,0.012931034482758674
157,195870,해성디에스,2019-08-21,11800,12350,11700,12100,111803,0.029787234042553123
158,195870,해성디에스,2019-08-22,12100,12200,11850,12100,22703,0.0
159,195870,해성디에스,2019-08-23,11900,12150,11850,12100,24879,0.0
160,195870,해성디에스,2019-08-26,11650,11800,11350,11450,95853,-0.05371900826446285
161,195870,해성디에스,2019-08-27,11650,11800,11100,11350,40758,-0.008733624454148492
162,195870,해성디에스,2019-08-28,11250,11450,11200,11450,19839,0.008810572687224738
163,195870,해성디에스,2019-08-29,11550,11550,11200,11200,15859,-0.02183406113537123
164,195870,해성디에스,2019-08-30,11300,11550,11300,11450,30300,0.022321428571428603
165,195870,해성디에스,2019-09-02,11450,11650,11350,11450,24638,0.0
166,195870,해성디에스,2019-09-03,11500,11750,11350,11600,29250,0.013100436681222629
167,195870,해성디에스,2019-09-04,11600,12200,11550,12100,66019,0.0431034482758621
168,195870,해성디에스,2019-09-05,12150,12550,12050,12500,47777,0.03305785123966931
169,195870,해성디에스,2019-09-06,12650,12650,12200,12500,42666,0.0
170,195870,해성디에스,2019-09-09,12500,12600,12300,12350,34909,-0.012000000000000009
171,195870,해성디에스,2019-09-10,12550,13050,12400,12900,94063,0.04453441295546568
172,195870,해성디에스,2019-09-11,12850,13000,12750,12850,38984,-0.003875968992248069
173,195870,해성디에스,2019-09-16,13050,13100,12800,12950,35042,0.007782101167315147
174,195870,해성디에스,2019-09-17,12950,13200,12800,13000,43148,0.0038610038610038533
175,195870,해성디에스,2019-09-18,13000,13200,12900,13200,28292,0.015384615384615332
176,195870,해성디에스,2019-09-19,13200,13350,12900,13200,44481,0.0
177,195870,해성디에스,2019-09-20,13200,13200,12950,13150,33172,-0.003787878787878785
178,195870,해성디에스,2019-09-23,13050,13200,13000,13150,17195,0.0
179,195870,해성디에스,2019-09-24,13050,14150,13050,14100,265140,0.07224334600760463
180,195870,해성디에스,2019-09-25,14100,14100,13500,13650,78557,-0.03191489361702127
181,195870,해성디에스,2019-09-26,13850,14150,13600,13850,72934,0.0146520146520146
182,195870,해성디에스,2019-09-27,13850,14050,13650,13750,40692,-0.007220216606498186
183,195870,해성디에스,2019-09-30,13750,13850,13550,13650,27247,-0.007272727272727319
184,195870,해성디에스,2019-10-01,13400,14300,13400,14200,121546,0.04029304029304037
185,195870,해성디에스,2019-10-02,13900,14150,13900,13950,30688,-0.017605633802816878
186,195870,해성디에스,2019-10-04,13800,14250,13600,14100,63812,0.010752688172043
187,195870,해성디에스,2019-10-07,13950,14200,13850,13900,19157,-0.014184397163120588
188,195870,해성디에스,2019-10-08,13900,14100,13600,13950,41848,0.0035971223021582506
189,195870,해성디에스,2019-10-10,13950,14100,13800,14000,14886,0.0035842293906809264
190,195870,해성디에스,2019-10-11,13900,14100,13750,14050,18612,0.003571428571428559
191,195870,해성디에스,2019-10-14,14150,14650,13800,14400,167678,0.02491103202846978
192,195870,해성디에스,2019-10-15,14400,14450,14100,14450,81238,0.003472222222222321
193,195870,해성디에스,2019-10-16,14400,14400,14000,14200,56492,-0.01730103806228378
194,195870,해성디에스,2019-10-17,14100,14450,14000,14400,34867,0.014084507042253502
195,195870,해성디에스,2019-10-18,14500,14600,14250,14350,33907,-0.0034722222222222103
196,195870,해성디에스,2019-10-21,14450,14450,14150,14250,16014,-0.006968641114982632
197,195870,해성디에스,2019-10-22,14300,14350,14000,14250,32003,0.0
198,195870,해성디에스,2019-10-23,14250,14300,13800,14150,41534,-0.0070175438596491455
199,195870,해성디에스,2019-10-24,14050,14150,13750,13950,27820,-0.014134275618374548
200,195870,해성디에스,2019-10-25,13900,14500,13850,14450,68541,0.03584229390680993
201,195870,해성디에스,2019-10-28,14600,15150,14500,15000,148159,0.03806228373702414
202,195870,해성디에스,2019-10-29,15350,15400,14900,15100,86547,0.0066666666666665994
203,195870,해성디에스,2019-10-30,15200,15200,14600,14900,60578,-0.013245033112582738
204,195870,해성디에스,2019-10-31,14850,15000,14600,14700,43629,-0.013422818791946291
205,195870,해성디에스,2019-11-01,14750,14850,14450,14550,31940,-0.010204081632653073
206,195870,해성디에스,2019-11-04,14650,14650,14250,14550,26529,0.0
207,195870,해성디에스,2019-11-05,14600,14950,14450,14850,46364,0.020618556701030855
208,195870,해성디에스,2019-11-06,14950,14950,14450,14550,39279,-0.020202020202020218
209,195870,해성디에스,2019-11-07,14550,14650,14100,14100,30647,-0.030927835051546393
210,195870,해성디에스,2019-11-08,14100,14400,13950,13950,37264,-0.010638297872340384
211,195870,해성디에스,2019-11-11,14000,14500,14000,14450,34820,0.03584229390680993
212,195870,해성디에스,2019-11-12,14450,14600,14200,14550,16612,0.006920415224913601
213,195870,해성디에스,2019-11-13,14550,14550,13950,14350,27610,-0.013745704467353905
214,195870,해성디에스,2019-11-14,14250,14400,14050,14200,12229,-0.010452961672473893
215,195870,해성디에스,2019-11-15,14150,14550,14150,14400,18401,0.014084507042253502
216,195870,해성디에스,2019-11-18,14400,14600,14250,14400,13762,0.0
217,195870,해성디에스,2019-11-19,14400,14600,14200,14350,37512,-0.0034722222222222103
218,195870,해성디에스,2019-11-20,14400,14400,14000,14200,27135,-0.010452961672473893
219,195870,해성디에스,2019-11-21,14150,14150,13750,13850,30936,-0.024647887323943633
220,195870,해성디에스,2019-11-22,13800,14150,13800,14100,27340,0.01805054151624552
221,195870,해성디에스,2019-11-25,13950,14200,13900,14200,28052,0.007092198581560183
222,195870,해성디에스,2019-11-26,14200,14350,14000,14150,21886,-0.0035211267605633756
223,195870,해성디에스,2019-11-27,14150,14250,13800,13950,46561,-0.014134275618374548
224,195870,해성디에스,2019-11-28,13850,14050,13800,14000,9602,0.0035842293906809264
225,195870,해성디에스,2019-11-29,13900,14150,13850,13900,14958,-0.007142857142857118
226,195870,해성디에스,2019-12-02,13950,14100,13850,13900,12520,0.0
227,195870,해성디에스,2019-12-03,13800,14050,13600,13900,14520,0.0
228,195870,해성디에스,2019-12-04,13900,14000,13800,13800,12440,-0.007194244604316501
229,195870,해성디에스,2019-12-05,13800,13950,13600,13900,22277,0.007246376811594234
230,195870,해성디에스,2019-12-06,13900,14550,13900,14300,30836,0.02877697841726623
231,195870,해성디에스,2019-12-09,14450,14500,13900,13900,18902,-0.027972027972028024
232,195870,해성디에스,2019-12-10,14300,14750,14150,14600,89833,0.050359712230215736
233,195870,해성디에스,2019-12-11,14750,14900,14400,14700,37140,0.006849315068493178
234,195870,해성디에스,2019-12-12,14800,15250,14750,15200,117895,0.034013605442176915
235,195870,해성디에스,2019-12-13,15400,15650,15100,15200,108712,0.0
236,195870,해성디에스,2019-12-16,15300,15350,15000,15200,50505,0.0
237,195870,해성디에스,2019-12-17,15200,15600,14950,15350,82386,0.009868421052631636
238,195870,해성디에스,2019-12-18,15400,15550,15300,15400,63175,0.0032573289902280145
239,195870,해성디에스,2019-12-19,15600,15600,15100,15200,30784,-0.012987012987012991
240,195870,해성디에스,2019-12-20,15200,15250,14950,15150,48178,-0.003289473684210509
241,195870,해성디에스,2019-12-23,15150,15200,14950,15000,25573,-0.00990099009900991
242,195870,해성디에스,2019-12-24,15050,15200,14850,15200,56885,0.013333333333333421
243,195870,해성디에스,2019-12-26,15050,15700,15050,15500,109914,0.019736842105263053
244,195870,해성디에스,2019-12-27,15550,16200,15550,15750,169171,0.016129032258064502
245,195870,해성디에스,2019-12-30,15750,15950,15500,15800,47595,0.0031746031746031638
246,195870,해성디에스,2020-01-02,16000,16300,15900,16250,106835,0.028481012658227774
247,195870,해성디에스,2020-01-03,16500,16500,15900,16100,73479,-0.009230769230769265
248,195870,해성디에스,2020-01-06,15900,17900,15800,17750,530941,0.10248447204968936
249,195870,해성디에스,2020-01-07,18000,18350,17500,17800,314450,0.0028169014084507005
250,195870,해성디에스,2020-01-08,17600,18150,17550,17750,233910,-0.0028089887640448947
251,195870,해성디에스,2020-01-09,18100,18300,17800,18200,185483,0.025352112676056304
252,195870,해성디에스,2020-01-10,18200,18800,18050,18450,219324,0.013736263736263687
253,195870,해성디에스,2020-01-13,18350,18600,17900,18250,112391,-0.010840108401083959
254,195870,해성디에스,2020-01-14,18250,18400,17950,18250,115018,0.0
255,195870,해성디에스,2020-01-15,18350,18350,18000,18200,48105,-0.002739726027397249
256,195870,해성디에스,2020-01-16,18500,18500,17950,18200,105631,0.0
257,195870,해성디에스,2020-01-17,18700,18700,17850,18150,195097,-0.002747252747252737
258,195870,해성디에스,2020-01-20,18250,18800,18050,18150,155440,0.0
259,195870,해성디에스,2020-01-21,18200,18800,18050,18750,164443,0.03305785123966931
260,195870,해성디에스,2020-01-22,18650,18800,18300,18750,79663,0.0
261,195870,해성디에스,2020-01-23,18850,18900,18300,18800,87219,0.002666666666666595
262,195870,해성디에스,2020-01-28,18150,18400,17800,18300,128070,-0.02659574468085102
263,195870,해성디에스,2020-01-29,18500,18500,18150,18200,50160,-0.005464480874316946
264,195870,해성디에스,2020-01-30,18150,18650,18000,18350,110512,0.008241758241758212
265,195870,해성디에스,2020-01-31,18350,18600,17850,17850,65759,-0.027247956403269716
266,195870,해성디에스,2020-02-03,17400,18250,17150,18100,84781,0.014005602240896307
267,195870,해성디에스,2020-02-04,18200,18650,17950,18550,100818,0.024861878453038774
268,195870,해성디에스,2020-02-05,18900,19700,18750,19200,450215,0.03504043126684642
269,195870,해성디에스,2020-02-06,19300,19450,18850,19000,161982,-0.01041666666666663
270,195870,해성디에스,2020-02-07,19050,19500,18800,19000,147044,0.0
271,195870,해성디에스,2020-02-10,18800,19100,18750,19000,56797,0.0
272,195870,해성디에스,2020-02-11,19050,19050,18450,18950,126610,-0.002631578947368429
273,195870,해성디에스,2020-02-12,19000,19250,18650,18950,102096,0.0
274,195870,해성디에스,2020-02-13,18950,19200,18600,18700,85121,-0.01319261213720313
275,195870,해성디에스,2020-02-14,18600,19100,18550,18850,81739,0.008021390374331583
276,195870,해성디에스,2020-02-17,18900,19100,18600,18850,60943,0.0
277,195870,해성디에스,2020-02-18,18750,18900,18350,18500,74300,-0.018567639257294436
278,195870,해성디에스,2020-02-19,19000,19200,18700,18700,114950,0.0108108108108107
279,195870,해성디에스,2020-02-20,18700,18900,18100,18550,83404,-0.008021390374331583
280,195870,해성디에스,2020-02-21,18100,18500,17900,18050,89262,-0.02695417789757415
281,195870,해성디에스,2020-02-24,17550,17750,17200,17500,95589,-0.03047091412742386
282,195870,해성디에스,2020-02-25,17300,18100,17150,18000,137196,0.02857142857142847
283,195870,해성디에스,2020-02-26,17600,17950,17500,17800,60744,-0.011111111111111072
284,195870,해성디에스,2020-02-27,17750,17800,16350,17200,144397,-0.0337078651685393
285,195870,해성디에스,2020-02-28,16800,17050,16000,16050,104448,-0.06686046511627908
286,195870,해성디에스,2020-03-02,16450,17000,16100,16850,114144,0.049844236760124616
287,195870,해성디에스,2020-03-03,17400,17400,16600,16650,70551,-0.01186943620178038
288,195870,해성디에스,2020-03-04,16450,17650,16450,17550,137891,0.054054054054053946
289,195870,해성디에스,2020-03-05,17650,17700,17300,17700,56746,0.008547008547008517
290,195870,해성디에스,2020-03-06,17300,17600,16950,17200,46748,-0.02824858757062143
291,195870,해성디에스,2020-03-09,16700,17000,16100,16350,83560,-0.04941860465116277
292,195870,해성디에스,2020-03-10,15850,16550,15850,16500,73157,0.00917431192660545
293,195870,해성디에스,2020-03-11,16500,16600,15500,15600,65714,-0.054545454545454564
294,195870,해성디에스,2020-03-12,15150,15600,14300,14550,132340,-0.06730769230769229
295,195870,해성디에스,2020-03-13,13150,14100,12300,13650,210766,-0.061855670103092786
296,195870,해성디에스,2020-03-16,13800,13850,12300,12300,185303,-0.09890109890109887
297,195870,해성디에스,2020-03-17,11300,13200,11300,12950,165888,0.05284552845528445
298,195870,해성디에스,2020-03-18,12850,13400,12300,12350,100477,-0.04633204633204635
299,195870,해성디에스,2020-03-19,12550,13600,10800,11000,174549,-0.10931174089068828
300,195870,해성디에스,2020-03-20,11150,12150,11150,12150,89863,0.1045454545454545
301,195870,해성디에스,2020-03-23,11550,12000,10950,11800,88559,-0.028806584362139894
302,195870,해성디에스,2020-03-24,12100,12700,11750,12500,127020,0.05932203389830515
303,195870,해성디에스,2020-03-25,13000,13150,12600,12800,125741,0.024000000000000018
304,195870,해성디에스,2020-03-26,13200,13400,12600,13000,86378,0.015625
305,195870,해성디에스,2020-03-27,13400,13600,12850,13200,67112,0.015384615384615332
306,195870,해성디에스,2020-03-30,12750,13400,12600,13350,58015,0.011363636363636465
307,195870,해성디에스,2020-03-31,13550,13900,13300,13800,93176,0.033707865168539415
308,195870,해성디에스,2020-04-01,13800,14450,13500,13500,110940,-0.021739130434782598
309,195870,해성디에스,2020-04-02,13550,13950,13250,13900,75627,0.029629629629629676
310,195870,해성디에스,2020-04-03,14000,14000,13300,13550,110967,-0.025179856115107868
311,195870,해성디에스,2020-04-06,13500,14400,13500,14400,122046,0.0627306273062731
312,195870,해성디에스,2020-04-07,14700,15450,14450,15300,142828,0.0625
313,195870,해성디에스,2020-04-08,15250,15500,14950,15400,65940,0.006535947712418277
314,195870,해성디에스,2020-04-09,15750,15750,14800,15000,106640,-0.025974025974025983
315,195870,해성디에스,2020-04-10,14900,15100,14650,15100,39635,0.0066666666666665994
316,195870,해성디에스,2020-04-13,15100,15100,14100,14100,87481,-0.06622516556291391
317,195870,해성디에스,2020-04-14,14300,14500,13950,14400,82186,0.021276595744680767
318,195870,해성디에스,2020-04-16,14100,15150,14050,14550,178348,0.01041666666666674
319,195870,해성디에스,2020-04-17,14900,15300,14700,14800,153398,0.017182130584192382
320,195870,해성디에스,2020-04-20,14950,15050,14400,14550,112869,-0.016891891891891886
321,195870,해성디에스,2020-04-21,14400,14400,13500,13950,125445,-0.04123711340206182
322,195870,해성디에스,2020-04-22,13550,13950,13300,13900,129466,-0.0035842293906810365
323,195870,해성디에스,2020-04-23,14250,14450,14100,14300,74189,0.02877697841726623
324,195870,해성디에스,2020-04-24,14100,14200,13850,13850,66293,-0.031468531468531465
325,195870,해성디에스,2020-04-27,14000,14200,13900,14100,50072,0.01805054151624552
326,195870,해성디에스,2020-04-28,14600,14650,14250,14650,137247,0.03900709219858145
327,195870,해성디에스,2020-04-29,14650,15200,14550,14800,151495,0.010238907849829282
328,195870,해성디에스,2020-05-04,14400,15050,14400,14950,105341,0.010135135135135087
329,195870,해성디에스,2020-05-06,15100,15300,14800,14900,103660,-0.0033444816053511683
330,195870,해성디에스,2020-05-07,14900,17000,14750,15200,674566,0.020134228187919545
331,195870,해성디에스,2020-05-08,15300,15800,15200,15650,184287,0.029605263157894687
332,195870,해성디에스,2020-05-11,15800,16100,15250,16000,217193,0.022364217252396124
333,195870,해성디에스,2020-05-12,15850,16450,15750,16200,142153,0.012499999999999956
334,195870,해성디에스,2020-05-13,15850,16300,15850,15900,98172,-0.01851851851851849
335,195870,해성디에스,2020-05-14,15900,16000,15500,15900,104485,0.0
336,195870,해성디에스,2020-05-15,16100,16300,15700,16150,80365,0.01572327044025168
337,195870,해성디에스,2020-05-18,16400,16500,15850,15950,161862,-0.012383900928792602
338,195870,해성디에스,2020-05-19,16200,16250,15900,16150,88499,0.012539184952978122
339,195870,해성디에스,2020-05-20,16150,16850,16050,16650,184747,0.030959752321981338
340,195870,해성디에스,2020-05-21,16900,17700,16700,17350,359070,0.04204204204204198
341,195870,해성디에스,2020-05-22,17400,17450,16500,16650,214611,-0.040345821325648464
342,195870,해성디에스,2020-05-25,16800,17350,16400,17300,158193,0.039039039039038936
343,195870,해성디에스,2020-05-26,17350,17450,16750,16900,151941,-0.023121387283236983
344,195870,해성디에스,2020-05-27,16950,16950,16300,16300,153311,-0.035502958579881616
345,195870,해성디에스,2020-05-28,16550,16850,15700,16100,174715,-0.012269938650306787
346,195870,해성디에스,2020-05-29,16100,16100,15650,15850,79687,-0.015527950310558982
347,195870,해성디에스,2020-06-01,16000,16650,15850,16550,128451,0.04416403785488954
348,195870,해성디에스,2020-06-02,16700,16950,16550,16950,103540,0.024169184290030232
349,195870,해성디에스,2020-06-03,17250,17700,16800,16800,218428,-0.008849557522123908
350,195870,해성디에스,2020-06-04,17200,17200,16250,16900,200509,0.005952380952380931
351,195870,해성디에스,2020-06-05,17000,17000,16600,16850,62212,-0.00295857988165682
352,195870,해성디에스,2020-06-08,17000,17000,16450,16650,99411,-0.01186943620178038
353,195870,해성디에스,2020-06-09,16650,16700,16300,16500,64013,-0.009009009009009028
354,195870,해성디에스,2020-06-10,16350,16850,16300,16800,85030,0.01818181818181808
355,195870,해성디에스,2020-06-11,16600,16800,16250,16400,77788,-0.02380952380952384
356,195870,해성디에스,2020-06-12,15400,15950,15350,15800,189121,-0.03658536585365857
357,195870,해성디에스,2020-06-15,15650,15650,14450,14450,163490,-0.08544303797468357
358,195870,해성디에스,2020-06-16,15000,15500,14800,15150,140327,0.04844290657439454
359,195870,해성디에스,2020-06-17,14950,15350,14700,15000,104990,-0.00990099009900991
360,195870,해성디에스,2020-06-18,15000,15150,14750,14850,60867,-0.010000000000000007
361,195870,해성디에스,2020-06-19,15050,15200,14850,15150,51868,0.02020202020202011
362,195870,해성디에스,2020-06-22,15100,15450,14950,15100,95779,-0.0033003300330033407
363,195870,해성디에스,2020-06-23,15250,15500,15000,15300,79459,0.013245033112582849
364,195870,해성디에스,2020-06-24,15300,15450,15200,15300,91154,0.0
365,195870,해성디에스,2020-06-25,15050,15250,14800,15100,57857,-0.013071895424836557
366,195870,해성디에스,2020-06-26,15350,15350,14900,14950,84016,-0.009933774834437135
367,195870,해성디에스,2020-06-29,14850,15000,14500,14750,62195,-0.013377926421404672
368,195870,해성디에스,2020-06-30,15100,15150,14800,15000,76372,0.016949152542372836
369,195870,해성디에스,2020-07-01,15100,15200,14800,14850,91680,-0.010000000000000007
370,195870,해성디에스,2020-07-02,14950,15200,14900,15200,90188,0.023569023569023573
371,195870,해성디에스,2020-07-03,15400,16050,15200,15800,179817,0.039473684210526334
372,195870,해성디에스,2020-07-06,16100,16150,15750,15850,95750,0.003164556962025333
373,195870,해성디에스,2020-07-07,15900,15950,15350,15400,77237,-0.028391167192429068
374,195870,해성디에스,2020-07-08,15500,15800,15350,15750,66741,0.02272727272727271
375,195870,해성디에스,2020-07-09,17650,18650,17050,18150,2243568,0.15238095238095228
376,195870,해성디에스,2020-07-10,18250,19100,17850,18550,1034116,0.02203856749311295
377,195870,해성디에스,2020-07-13,18850,19650,18450,19000,980538,0.0242587601078168
378,195870,해성디에스,2020-07-14,18700,19200,18350,18850,522696,-0.007894736842105288
379,195870,해성디에스,2020-07-15,19000,19250,18300,19150,623454,0.01591511936339529
380,195870,해성디에스,2020-07-16,19100,19150,18200,18400,377734,-0.039164490861618766
381,195870,해성디에스,2020-07-17,18750,19050,18500,18650,311643,0.013586956521739024
382,195870,해성디에스,2020-07-20,18750,18750,18300,18600,188194,-0.0026809651474530853
383,195870,해성디에스,2020-07-21,18800,18850,18050,18300,268153,-0.016129032258064502
384,195870,해성디에스,2020-07-22,18000,18500,17950,18400,225116,0.005464480874316946
385,195870,해성디에스,2020-07-23,18950,19300,18600,19050,722962,0.03532608695652173
386,195870,해성디에스,2020-07-24,18750,18850,18100,18400,258680,-0.034120734908136496
387,195870,해성디에스,2020-07-27,18400,19400,18400,19350,672154,0.05163043478260865
388,195870,해성디에스,2020-07-28,19400,19450,18650,18850,378851,-0.02583979328165376
389,195870,해성디에스,2020-07-29,19200,19400,18500,18900,308776,0.0026525198938991412
390,195870,해성디에스,2020-07-30,19450,21000,19400,20400,2591429,0.0793650793650793
391,195870,해성디에스,2020-07-31,21100,21500,20400,20650,1106642,0.01225490196078427
392,195870,해성디에스,2020-08-03,20750,20850,20000,20650,438180,0.0
393,195870,해성디에스,2020-08-04,21000,21100,20350,20450,370075,-0.009685230024213063
394,195870,해성디에스,2020-08-05,20750,21050,20050,20400,456040,-0.0024449877750610804
395,195870,해성디에스,2020-08-06,20500,20600,19850,20300,346534,-0.004901960784313708
396,195870,해성디에스,2020-08-07,20400,20450,19650,19950,292515,-0.017241379310344862
397,195870,해성디에스,2020-08-10,19950,20900,19400,20750,605464,0.04010025062656642
398,195870,해성디에스,2020-08-11,21050,21050,20200,20250,373600,-0.02409638554216864
399,195870,해성디에스,2020-08-12,20600,21150,20400,20750,786308,0.024691358024691468
400,195870,해성디에스,2020-08-13,21100,21250,20500,20700,309220,-0.002409638554216831
401,195870,해성디에스,2020-08-14,20850,20850,19800,20150,223869,-0.02657004830917875
402,195870,해성디에스,2020-08-18,20250,20400,18650,19000,322679,-0.057071960297766726
403,195870,해성디에스,2020-08-19,19250,19650,18950,19250,157270,0.013157894736842035
404,195870,해성디에스,2020-08-20,19100,19300,17900,18000,399881,-0.06493506493506496
405,195870,해성디에스,2020-08-21,18350,18600,17700,18300,168523,0.01666666666666661
406,195870,해성디에스,2020-08-24,18300,18800,17850,18600,141635,0.016393442622950838
407,195870,해성디에스,2020-08-25,18700,19650,18400,19450,336947,0.04569892473118276
408,195870,해성디에스,2020-08-26,19550,19800,19100,19600,170643,0.007712082262210762
409,195870,해성디에스,2020-08-27,19650,19650,18900,19000,160176,-0.030612244897959218
410,195870,해성디에스,2020-08-28,19000,19400,18750,18850,109463,-0.007894736842105288
411,195870,해성디에스,2020-08-31,19250,19250,18500,18950,150860,0.0053050397877985045
412,195870,해성디에스,2020-09-01,18900,19250,18800,19100,107230,0.0079155672823219
413,195870,해성디에스,2020-09-02,19250,19400,19000,19150,117357,0.002617801047120505
414,195870,해성디에스,2020-09-03,20000,20450,19700,19700,476627,0.02872062663185382
415,195870,해성디에스,2020-09-04,18950,19450,18850,19350,277500,-0.017766497461928932
416,195870,해성디에스,2020-09-07,19500,20350,19450,19950,349816,0.03100775193798455
417,195870,해성디에스,2020-09-08,20100,20450,19700,20150,277310,0.010025062656641605
418,195870,해성디에스,2020-09-09,19750,20150,19500,19900,121227,-0.012406947890818865
419,195870,해성디에스,2020-09-10,20100,20850,19900,20750,395993,0.04271356783919589
420,195870,해성디에스,2020-09-11,20600,21000,20300,20650,272926,-0.004819277108433773
421,195870,해성디에스,2020-09-14,21200,21300,20600,20750,502663,0.004842615012106588
422,195870,해성디에스,2020-09-15,20850,20950,20350,20650,232924,-0.004819277108433773
423,195870,해성디에스,2020-09-16,20700,20700,19900,20050,243490,-0.029055690072639195
424,195870,해성디에스,2020-09-17,19950,20200,19350,19800,215231,-0.012468827930174564
425,195870,해성디에스,2020-09-18,19950,19950,19350,19650,100088,-0.007575757575757569
426,195870,해성디에스,2020-09-21,19900,20150,19050,19400,183400,-0.012722646310432515
427,195870,해성디에스,2020-09-22,19450,19450,18650,18700,143341,-0.036082474226804113
428,195870,해성디에스,2020-09-23,19000,20050,18500,19750,269596,0.056149732620320865
429,195870,해성디에스,2020-09-24,19350,19650,18750,18950,160293,-0.04050632911392405
430,195870,해성디에스,2020-09-25,19200,19200,18650,18800,93883,-0.0079155672823219
431,195870,해성디에스,2020-09-28,19100,19350,18950,19350,72836,0.0292553191489362
432,195870,해성디에스,2020-09-29,19850,20250,19700,19800,252645,0.023255813953488413
433,195870,해성디에스,2020-10-05,19750,20400,19750,20200,189906,0.02020202020202011
434,195870,해성디에스,2020-10-06,20200,20250,19800,20050,114318,-0.0074257425742574315
435,195870,해성디에스,2020-10-07,19950,20200,19600,20150,94691,0.004987531172069737
436,195870,해성디에스,2020-10-08,20350,20400,19900,20250,146657,0.00496277915632759
437,195870,해성디에스,2020-10-12,20600,20600,20200,20500,261042,0.012345679012345734
438,195870,해성디에스,2020-10-13,20600,20600,20000,20150,166509,-0.017073170731707332
439,195870,해성디에스,2020-10-14,20150,20150,19750,19900,99866,-0.012406947890818865
440,195870,해성디에스,2020-10-15,20100,20200,19450,19800,179775,-0.005025125628140725
441,195870,해성디에스,2020-10-16,19800,19950,19100,19500,112683,-0.015151515151515138
442,195870,해성디에스,2020-10-19,19550,20000,19050,19300,211556,-0.01025641025641022
443,195870,해성디에스,2020-10-20,19050,19550,18800,19200,172777,-0.005181347150259086
444,195870,해성디에스,2020-10-21,19250,19400,19000,19200,90721,0.0
445,195870,해성디에스,2020-10-22,19200,19200,18400,18600,213381,-0.03125
446,195870,해성디에스,2020-10-23,18600,18650,17950,18150,269771,-0.024193548387096756
447,195870,해성디에스,2020-10-26,18150,18350,17200,17300,214469,-0.046831955922865036
448,195870,해성디에스,2020-10-27,17050,17550,16800,17050,154049,-0.01445086705202314
449,195870,해성디에스,2020-10-28,17100,17850,17100,17600,102411,0.032258064516129004
450,195870,해성디에스,2020-10-29,17150,17650,17050,17650,87912,0.002840909090909172
451,195870,해성디에스,2020-10-30,17600,17950,17200,17250,82127,-0.022662889518413557
452,195870,해성디에스,2020-11-02,17300,17650,17300,17500,46120,0.014492753623188468
453,195870,해성디에스,2020-11-03,17700,18150,17700,18150,74096,0.03714285714285714
454,195870,해성디에스,2020-11-04,18200,18300,17800,18200,68014,0.0027548209366390357
455,195870,해성디에스,2020-11-05,18350,18550,18250,18400,70529,0.01098901098901095
456,195870,해성디에스,2020-11-06,18600,18600,17950,18000,81509,-0.021739130434782598
457,195870,해성디에스,2020-11-09,18350,18550,18150,18350,89964,0.019444444444444372
458,195870,해성디에스,2020-11-10,18650,19000,18500,18950,172201,0.032697547683923744
459,195870,해성디에스,2020-11-11,19050,19050,18600,18850,71231,-0.00527704485488123
460,195870,해성디에스,2020-11-12,18850,19100,18650,18800,73446,-0.002652519893899252
461,195870,해성디에스,2020-11-13,19000,19150,18700,18850,69919,0.002659574468085069
462,195870,해성디에스,2020-11-16,19000,19300,18900,19250,147313,0.02122015915119357
463,195870,해성디에스,2020-11-17,19100,19200,18800,18800,80230,-0.023376623376623384
464,195870,해성디에스,2020-11-18,18800,18900,18600,18800,66215,0.0
465,195870,해성디에스,2020-11-19,18800,19000,18700,18850,67972,0.002659574468085069
466,195870,해성디에스,2020-11-20,18950,19100,18800,18950,59854,0.0053050397877985045
467,195870,해성디에스,2020-11-23,18800,19250,18750,19200,151216,0.013192612137203241
468,195870,해성디에스,2020-11-24,19300,19350,19000,19100,97240,-0.00520833333333337
469,195870,해성디에스,2020-11-25,19300,19400,18650,18900,123124,-0.010471204188481686
470,195870,해성디에스,2020-11-26,18900,19150,18650,19050,65595,0.007936507936507908
471,195870,해성디에스,2020-11-27,19100,19700,19100,19400,139148,0.01837270341207353
472,195870,해성디에스,2020-11-30,19650,19950,19500,19700,216456,0.015463917525773141
473,195870,해성디에스,2020-12-01,19700,19800,19400,19500,56323,-0.01015228426395942
474,195870,해성디에스,2020-12-02,19900,20250,19850,19950,260719,0.023076923076923
475,195870,해성디에스,2020-12-03,20300,20350,19950,20050,183559,0.005012531328320914
476,195870,해성디에스,2020-12-04,20000,20100,19600,19800,118684,-0.012468827930174564
477,195870,해성디에스,2020-12-07,19900,19950,19500,19800,112575,0.0
478,195870,해성디에스,2020-12-08,19650,20050,19650,19750,98672,-0.002525252525252486
479,195870,해성디에스,2020-12-09,19850,19900,19600,19850,75062,0.0050632911392405324
480,195870,해성디에스,2020-12-10,20100,20450,19750,19850,440793,0.0
481,195870,해성디에스,2020-12-11,19850,19950,19500,19650,183468,-0.010075566750629705
482,195870,해성디에스,2020-12-14,19450,19650,19350,19400,118285,-0.012722646310432515
483,195870,해성디에스,2020-12-15,19400,19550,19150,19350,115995,-0.002577319587628857
484,195870,해성디에스,2020-12-16,19600,20200,19450,20100,255423,0.03875968992248069
485,195870,해성디에스,2020-12-17,20400,21200,20150,20850,707275,0.037313432835820885
486,195870,해성디에스,2020-12-18,21100,21150,20200,20300,313497,-0.026378896882493952
487,195870,해성디에스,2020-12-21,20550,20650,20150,20450,179800,0.007389162561576291
488,195870,해성디에스,2020-12-22,20500,20850,20050,20050,276814,-0.019559902200488977
489,195870,해성디에스,2020-12-23,19950,22550,19950,22300,1488019,0.11221945137157108
490,195870,해성디에스,2020-12-24,22050,22250,21050,21950,521065,-0.015695067264574036
491,195870,해성디에스,2020-12-28,22450,23650,22400,22900,717445,0.04328018223234631
492,195870,해성디에스,2020-12-29,23000,24300,22800,23800,614089,0.0393013100436681
493,195870,해성디에스,2020-12-30,23800,24500,23350,24400,409157,0.02521008403361336
