,Date,Open,High,Low,Close,Volume
0,2019-01-02,0.15625,0.12260536398467432,0.12301587301587301,0.10074626865671642,0.01718279342496612
1,2019-01-03,0.11328125,0.11877394636015326,0.11904761904761904,0.10820895522388059,0.015446426116079815
2,2019-01-04,0.1015625,0.09578544061302682,0.11507936507936507,0.12313432835820895,0.006702230629705244
3,2019-01-07,0.140625,0.11877394636015326,0.15873015873015872,0.1417910447761194,0.004904279024117417
4,2019-01-08,0.13671875,0.11494252873563218,0.15079365079365079,0.12313432835820895,0.0029289336582195478
5,2019-01-09,0.125,0.12260536398467432,0.14682539682539683,0.1455223880597015,0.0047141036173221525
6,2019-01-10,0.15625,0.1417624521072797,0.1626984126984127,0.16044776119402984,0.009043595872225366
7,2019-01-11,0.171875,0.14559386973180077,0.18253968253968253,0.16417910447761194,0.004051394613194455
8,2019-01-14,0.171875,0.13409961685823754,0.15476190476190477,0.13805970149253732,0.01731409579340521
9,2019-01-15,0.14453125,0.13793103448275862,0.16666666666666666,0.16044776119402984,0.009418136846504433
10,2019-01-16,0.171875,0.19540229885057472,0.1865079365079365,0.20522388059701493,0.042908761896130146
11,2019-01-17,0.2109375,0.18773946360153257,0.20634920634920634,0.19402985074626866,0.014731428558148938
12,2019-01-18,0.203125,0.18007662835249041,0.21031746031746032,0.19402985074626866,0.013911853892611705
13,2019-01-21,0.16015625,0.1417624521072797,0.15476190476190477,0.1417910447761194,0.06338418492021347
14,2019-01-22,0.15625,0.11877394636015326,0.1388888888888889,0.11194029850746269,0.02730353350553697
15,2019-01-23,0.109375,0.09195402298850575,0.12301587301587301,0.09701492537313433,0.013292137699388844
16,2019-01-24,0.109375,0.0842911877394636,0.12698412698412698,0.10820895522388059,0.007970324890087524
17,2019-01-25,0.12109375,0.14559386973180077,0.14285714285714285,0.15298507462686567,0.05560713401788733
18,2019-01-28,0.1640625,0.1532567049808429,0.1865079365079365,0.17537313432835822,0.022119607549227736
19,2019-01-29,0.171875,0.14942528735632185,0.18253968253968253,0.17164179104477612,0.010771442083454855
20,2019-01-30,0.19140625,0.15708812260536398,0.18253968253968253,0.16044776119402984,0.006103429858003654
21,2019-01-31,0.17578125,0.16091954022988506,0.19444444444444445,0.1828358208955224,0.020816266930355907
22,2019-02-01,0.18359375,0.1724137931034483,0.19047619047619047,0.17537313432835822,0.011416334247027395
23,2019-02-07,0.18359375,0.16091954022988506,0.1984126984126984,0.19029850746268656,0.016201705226570176
24,2019-02-08,0.1953125,0.16475095785440613,0.20634920634920634,0.1865671641791045,0.009886797217629221
25,2019-02-11,0.203125,0.16475095785440613,0.20238095238095238,0.1865671641791045,0.010206725702380523
26,2019-02-12,0.19921875,0.17624521072796934,0.21428571428571427,0.19029850746268656,0.006973356464240245
27,2019-02-13,0.19921875,0.210727969348659,0.21825396825396826,0.22388059701492538,0.03993761007224729
28,2019-02-14,0.234375,0.210727969348659,0.23412698412698413,0.22388059701492538,0.019599299255914512
29,2019-02-15,0.234375,0.20306513409961685,0.21428571428571427,0.21641791044776118,0.023648757256005147
30,2019-02-18,0.23828125,0.19923371647509577,0.23809523809523808,0.2126865671641791,0.020137677698776873
31,2019-02-19,0.22265625,0.2681992337164751,0.23809523809523808,0.26492537313432835,0.060348737541283747
32,2019-02-20,0.2734375,0.24904214559386972,0.2857142857142857,0.26865671641791045,0.013429637229760165
33,2019-02-21,0.2734375,0.2413793103448276,0.2698412698412698,0.2574626865671642,0.014473471692719923
34,2019-02-22,0.26171875,0.24904214559386972,0.2698412698412698,0.26119402985074625,0.014356887583869871
35,2019-02-25,0.25390625,0.24521072796934865,0.2777777777777778,0.2537313432835821,0.007635290823126414
36,2019-02-26,0.2734375,0.23371647509578544,0.2619047619047619,0.23507462686567165,0.0061851549309849185
37,2019-02-27,0.25390625,0.21455938697318008,0.25396825396825395,0.23507462686567165,0.0029339688522894833
38,2019-02-28,0.24609375,0.20689655172413793,0.21825396825396826,0.19029850746268656,0.021093977249443903
39,2019-03-04,0.20703125,0.19540229885057472,0.23015873015873015,0.22014925373134328,0.00501737722938059
40,2019-03-05,0.21484375,0.1839080459770115,0.2261904761904762,0.20522388059701493,0.004657167192069802
41,2019-03-06,0.22265625,0.32950191570881227,0.23809523809523808,0.29850746268656714,0.2682584851734837
42,2019-03-07,0.3046875,0.31800766283524906,0.2896825396825397,0.2574626865671642,0.17414722210279776
43,2019-03-08,0.25390625,0.23754789272030652,0.2619047619047619,0.23134328358208955,0.0443701301442738
44,2019-03-11,0.2421875,0.210727969348659,0.23015873015873015,0.20522388059701493,0.02129809627058668
45,2019-03-12,0.21875,0.19923371647509577,0.24206349206349206,0.22014925373134328,0.004655617901586744
46,2019-03-13,0.23046875,0.19540229885057472,0.23809523809523808,0.2126865671641791,0.0033131576980177215
47,2019-03-14,0.2265625,0.2222222222222222,0.25,0.23880597014925373,0.018093001583762196
48,2019-03-15,0.25,0.21839080459770116,0.23809523809523808,0.22761194029850745,0.011931086010023136
49,2019-03-18,0.25,0.21455938697318008,0.25793650793650796,0.22761194029850745,0.002516822389726345
50,2019-03-19,0.24609375,0.20689655172413793,0.25,0.23507462686567165,0.004302766994070478
51,2019-03-20,0.24609375,0.22988505747126436,0.24206349206349206,0.25,0.026227938587674544
52,2019-03-21,0.28125,0.2413793103448276,0.25793650793650796,0.22761194029850745,0.023974495580067912
53,2019-03-22,0.25390625,0.23754789272030652,0.25793650793650796,0.25,0.029333491360962607
54,2019-03-25,0.24609375,0.2413793103448276,0.25396825396825395,0.23507462686567165,0.02552610999884965
55,2019-03-26,0.25,0.24904214559386972,0.27380952380952384,0.26865671641791045,0.021160209417594594
56,2019-03-27,0.2890625,0.24904214559386972,0.2857142857142857,0.25,0.006862582194701659
57,2019-03-28,0.2578125,0.21839080459770116,0.25,0.22761194029850745,0.014104740557752321
58,2019-03-29,0.23828125,0.20689655172413793,0.23809523809523808,0.23134328358208955,0.0030447431218280697
59,2019-04-01,0.25,0.2222222222222222,0.2619047619047619,0.24253731343283583,0.0040390002893299975
60,2019-04-02,0.2578125,0.2222222222222222,0.25793650793650796,0.22388059701492538,0.007473389967646941
61,2019-04-03,0.23828125,0.2413793103448276,0.25793650793650796,0.26492537313432835,0.01736715899244992
62,2019-04-04,0.27734375,0.30268199233716475,0.30158730158730157,0.3208955223880597,0.0896264544448563
63,2019-04-05,0.34375,0.30268199233716475,0.3373015873015873,0.3208955223880597,0.026922408046704913
64,2019-04-08,0.3359375,0.2988505747126437,0.3373015873015873,0.31343283582089554,0.01282115339253947
65,2019-04-09,0.32421875,0.31417624521072796,0.3412698412698413,0.30597014925373134,0.03705670441900251
66,2019-04-10,0.3203125,0.30268199233716475,0.3333333333333333,0.30597014925373134,0.018900181925434974
67,2019-04-11,0.3203125,0.29118773946360155,0.3134920634920635,0.291044776119403,0.02388579869991289
68,2019-04-12,0.3046875,0.27586206896551724,0.31746031746031744,0.291044776119403,0.017556947076624422
69,2019-04-15,0.3125,0.2720306513409962,0.3134920634920635,0.2835820895522388,0.01002119816703443
70,2019-04-16,0.3046875,0.2988505747126437,0.31746031746031744,0.30597014925373134,0.023621644672551647
71,2019-04-17,0.3203125,0.3103448275862069,0.3373015873015873,0.332089552238806,0.03323963999137045
72,2019-04-18,0.34375,0.31800766283524906,0.3333333333333333,0.30597014925373134,0.015045547203588777
73,2019-04-19,0.3203125,0.28735632183908044,0.3253968253968254,0.291044776119403,0.011306334622730337
74,2019-04-22,0.26953125,0.32950191570881227,0.2896825396825397,0.3283582089552239,0.08889402736899103
75,2019-04-23,0.3515625,0.32567049808429116,0.36507936507936506,0.33955223880597013,0.04100545853769443
76,2019-04-24,0.3671875,0.3371647509578544,0.36507936507936506,0.3283582089552239,0.025035759560962063
77,2019-04-25,0.36328125,0.3716475095785441,0.36904761904761907,0.373134328358209,0.05694029847855801
78,2019-04-26,0.3671875,0.36398467432950193,0.373015873015873,0.35447761194029853,0.018555464792954758
79,2019-04-29,0.36328125,0.3486590038314176,0.376984126984127,0.3656716417910448,0.00873141383988935
80,2019-04-30,0.390625,0.36398467432950193,0.36507936507936506,0.34328358208955223,0.016196670032500242
81,2019-05-02,0.3515625,0.3563218390804598,0.36507936507936506,0.3656716417910448,0.01926813841516105
82,2019-05-03,0.453125,0.421455938697318,0.4126984126984127,0.3694029850746269,0.056985615225187435
83,2019-05-07,0.375,0.367816091954023,0.373015873015873,0.3805970149253731,0.02085344990194928
84,2019-05-08,0.37890625,0.5555555555555556,0.3888888888888889,0.3917910447761194,0.36934116809530615
85,2019-05-09,0.4140625,0.4674329501915709,0.32936507936507936,0.29850746268656714,0.3263255051558451
86,2019-05-10,0.3125,0.3563218390804598,0.32936507936507936,0.30970149253731344,0.20973364985337903
87,2019-05-13,0.3359375,0.3065134099616858,0.32142857142857145,0.291044776119403,0.06619692179220374
88,2019-05-14,0.2734375,0.27586206896551724,0.2857142857142857,0.291044776119403,0.0568287495637779
89,2019-05-15,0.3203125,0.34099616858237547,0.32142857142857145,0.3246268656716418,0.08044226046129349
90,2019-05-16,0.33203125,0.3065134099616858,0.32142857142857145,0.291044776119403,0.03468435336682125
91,2019-05-17,0.3203125,0.28735632183908044,0.3134920634920635,0.2873134328358209,0.02093013978086061
92,2019-05-20,0.29296875,0.2681992337164751,0.2976190476190476,0.26119402985074625,0.02557723658479054
93,2019-05-21,0.2578125,0.27586206896551724,0.28174603174603174,0.2835820895522388,0.018518281821361386
94,2019-05-22,0.30859375,0.2681992337164751,0.30158730158730157,0.291044776119403,0.013679847642773897
95,2019-05-23,0.3046875,0.30268199233716475,0.29365079365079366,0.31343283582089554,0.025546250775129394
96,2019-05-24,0.328125,0.28735632183908044,0.32936507936507936,0.30597014925373134,0.01751085568475347
97,2019-05-27,0.30859375,0.27586206896551724,0.30158730158730157,0.27611940298507465,0.011192074449604872
98,2019-05-28,0.2890625,0.2720306513409962,0.30158730158730157,0.29850746268656714,0.005575121803281165
99,2019-05-29,0.3046875,0.2720306513409962,0.30952380952380953,0.27238805970149255,0.013354496641331894
100,2019-05-30,0.2890625,0.2796934865900383,0.2896825396825397,0.2835820895522388,0.019843699829616777
101,2019-05-31,0.30859375,0.3333333333333333,0.3253968253968254,0.3208955223880597,0.07356767126534815
102,2019-06-03,0.30859375,0.3218390804597701,0.3253968253968254,0.3283582089552239,0.02110559692806683
103,2019-06-04,0.3828125,0.34099616858237547,0.36904761904761907,0.33955223880597013,0.019540813540179107
104,2019-06-05,0.359375,0.3218390804597701,0.3412698412698413,0.30597014925373134,0.02831173428738641
105,2019-06-07,0.32421875,0.3065134099616858,0.3373015873015873,0.332089552238806,0.015168328474371056
106,2019-06-10,0.359375,0.32567049808429116,0.36507936507936506,0.35074626865671643,0.012413689995495438
107,2019-06-11,0.359375,0.367816091954023,0.373015873015873,0.376865671641791,0.058396631532631735
108,2019-06-12,0.3984375,0.36015325670498083,0.39285714285714285,0.3694029850746269,0.04494181833252189
109,2019-06-13,0.40234375,0.36398467432950193,0.40476190476190477,0.3843283582089552,0.02182369306696382
110,2019-06-14,0.41015625,0.367816091954023,0.3888888888888889,0.3619402985074627,0.014911533576804333
111,2019-06-17,0.390625,0.3486590038314176,0.3888888888888889,0.3656716417910448,0.016727302022947317
112,2019-06-18,0.37109375,0.34099616858237547,0.3373015873015873,0.31343283582089554,0.046063891964876036
113,2019-06-19,0.3359375,0.3065134099616858,0.32936507936507936,0.30223880597014924,0.0178640939148905
114,2019-06-20,0.31640625,0.30268199233716475,0.3333333333333333,0.29850746268656714,0.014396781813808594
115,2019-06-21,0.31640625,0.2796934865900383,0.3055555555555556,0.27611940298507465,0.03160707514484898
116,2019-06-24,0.29296875,0.26436781609195403,0.3055555555555556,0.2835820895522388,0.00930310202813744
117,2019-06-25,0.296875,0.26436781609195403,0.27380952380952384,0.2462686567164179,0.029159970826860206
118,2019-06-26,0.265625,0.24521072796934865,0.26587301587301587,0.26492537313432835,0.02293724560166115
119,2019-06-27,0.296875,0.2567049808429119,0.28174603174603174,0.27238805970149255,0.020142325570226046
120,2019-06-28,0.27734375,0.25287356321839083,0.24603174603174602,0.22761194029850745,0.03082778203187123
121,2019-07-01,0.23828125,0.210727969348659,0.1865079365079365,0.17537313432835822,0.05711536830314347
122,2019-07-02,0.19140625,0.17624521072796934,0.20634920634920634,0.19029850746268656,0.009454545172856276
123,2019-07-03,0.19140625,0.16475095785440613,0.17857142857142858,0.1828358208955224,0.016616140430787966
124,2019-07-04,0.1796875,0.16475095785440613,0.18253968253968253,0.19029850746268656,0.030946690076445866
125,2019-07-05,0.1875,0.18007662835249041,0.20238095238095238,0.19776119402985073,0.012249852526912144
126,2019-07-08,0.203125,0.1724137931034483,0.1865079365079365,0.15671641791044777,0.04348858385941428
127,2019-07-09,0.1640625,0.1417624521072797,0.15079365079365079,0.13432835820895522,0.022238515593802372
128,2019-07-10,0.12109375,0.14559386973180077,0.14285714285714285,0.16791044776119404,0.019289441159303082
129,2019-07-11,0.17578125,0.15708812260536398,0.1984126984126984,0.1791044776119403,0.004428259523198108
130,2019-07-12,0.1875,0.16091954022988506,0.17063492063492064,0.16417910447761194,0.021267497783546304
131,2019-07-15,0.1640625,0.1417624521072797,0.17063492063492064,0.16417910447761194,0.00968616410007332
132,2019-07-16,0.1640625,0.18773946360153257,0.1865079365079365,0.19402985074626866,0.03425558722563518
133,2019-07-17,0.203125,0.18007662835249041,0.20238095238095238,0.20522388059701493,0.014478506886789859
134,2019-07-18,0.21484375,0.19157088122605365,0.2222222222222222,0.208955223880597,0.0159975862054274
135,2019-07-19,0.23046875,0.20306513409961685,0.2261904761904762,0.19402985074626866,0.010302007067088538
136,2019-07-22,0.19921875,0.22988505747126436,0.21825396825396826,0.25,0.032888725696958006
137,2019-07-23,0.265625,0.25287356321839083,0.26587301587301587,0.26865671641791045,0.04462692504184053
138,2019-07-24,0.2890625,0.2720306513409962,0.26587301587301587,0.23507462686567165,0.03153735707311141
139,2019-07-25,0.24609375,0.22988505747126436,0.20238095238095238,0.23507462686567165,0.03979275141208145
140,2019-07-26,0.24609375,0.2222222222222222,0.2222222222222222,0.21641791044776118,0.018725112100849515
141,2019-07-29,0.20703125,0.18007662835249041,0.19047619047619047,0.16417910447761194,0.016963956144234297
142,2019-07-30,0.1484375,0.16091954022988506,0.17063492063492064,0.16791044776119404,0.02357051808661076
143,2019-07-31,0.1640625,0.16091954022988506,0.15873015873015872,0.1455223880597015,0.025368469692198588
144,2019-08-01,0.15625,0.12643678160919541,0.15079365079365079,0.12313432835820895,0.01196129717444275
145,2019-08-02,0.1171875,0.10344827586206896,0.12301587301587301,0.1044776119402985,0.01956637683314955
146,2019-08-05,0.09375,0.07279693486590039,0.05555555555555555,0.03731343283582089,0.03704159883679271
147,2019-08-06,0.0,0.011494252873563218,0.0,0.011194029850746268,0.04726652870234915
148,2019-08-07,0.01171875,0.0,0.031746031746031744,0.022388059701492536,0.010594048323144811
149,2019-08-08,0.0234375,0.02681992337164751,0.04365079365079365,0.048507462686567165,0.012253725753119787
150,2019-08-09,0.0625,0.04597701149425287,0.07539682539682539,0.05970149253731343,0.01007813459228678
151,2019-08-12,0.05078125,0.038314176245210725,0.05952380952380952,0.05223880597014925,0.0017049941766043967
152,2019-08-13,0.04296875,0.038314176245210725,0.06349206349206349,0.05223880597014925,0.009234933246882925
153,2019-08-14,0.06640625,0.0421455938697318,0.05952380952380952,0.05223880597014925,0.009251975442196553
154,2019-08-16,0.0546875,0.019157088122605363,0.01984126984126984,0.033582089552238806,0.031224400395533862
155,2019-08-19,0.03515625,0.03065134099616858,0.05555555555555555,0.04477611940298507,0.013152314233292935
156,2019-08-20,0.04296875,0.03065134099616858,0.06349206349206349,0.055970149253731345,0.02440055046290863
157,2019-08-21,0.0625,0.06896551724137931,0.07539682539682539,0.08208955223880597,0.039584759164731025
158,2019-08-22,0.0859375,0.05747126436781609,0.0873015873015873,0.08208955223880597,0.00507431365463294
159,2019-08-23,0.0703125,0.05363984674329502,0.0873015873015873,0.08208955223880597,0.005917127677416032
160,2019-08-26,0.05078125,0.02681992337164751,0.047619047619047616,0.033582089552238806,0.033406963363540626
161,2019-08-27,0.05078125,0.02681992337164751,0.027777777777777776,0.026119402985074626,0.012067423572532165
162,2019-08-28,0.01953125,0.0,0.03571428571428571,0.033582089552238806,0.003965021668764019
163,2019-08-29,0.04296875,0.007662835249042145,0.03571428571428571,0.014925373134328358,0.0024234776381221513
164,2019-08-30,0.0234375,0.007662835249042145,0.04365079365079365,0.033582089552238806,0.008016803604579239
165,2019-09-02,0.03515625,0.01532567049808429,0.047619047619047616,0.033582089552238806,0.005823782925811838
166,2019-09-03,0.0390625,0.022988505747126436,0.047619047619047616,0.04477611940298507,0.007610114852776735
167,2019-09-04,0.046875,0.05747126436781609,0.06349206349206349,0.08208955223880597,0.02185158029565885
168,2019-09-05,0.08984375,0.0842911877394636,0.10317460317460317,0.11194029850746269,0.014786041047676703
169,2019-09-06,0.12890625,0.09195402298850575,0.11507936507936507,0.11194029850746269,0.012806435132950426
170,2019-09-09,0.1171875,0.08812260536398467,0.12301587301587301,0.10074626865671642,0.009801973563681843
171,2019-09-10,0.12109375,0.12260536398467432,0.13095238095238096,0.1417910447761194,0.03271365587237255
172,2019-09-11,0.14453125,0.11877394636015326,0.15873015873015872,0.13805970149253732,0.011380313243296317
173,2019-09-16,0.16015625,0.12643678160919541,0.1626984126984127,0.1455223880597015,0.009853487472243492
174,2019-09-17,0.15234375,0.13409961685823754,0.1626984126984127,0.14925373134328357,0.012993124636158813
175,2019-09-18,0.15625,0.13409961685823754,0.17063492063492064,0.16417910447761194,0.007239059782084547
176,2019-09-19,0.171875,0.14559386973180077,0.17063492063492064,0.16417910447761194,0.01350942568963761
177,2019-09-20,0.171875,0.13409961685823754,0.1746031746031746,0.16044776119402984,0.009129194171414274
178,2019-09-23,0.16015625,0.13409961685823754,0.17857142857142858,0.16044776119402984,0.0029409406594632405
179,2019-09-24,0.16015625,0.20689655172413793,0.18253968253968253,0.23134328358208955,0.0989756478648647
180,2019-09-25,0.2421875,0.20306513409961685,0.21825396825396826,0.19776119402985073,0.026707831314801495
181,2019-09-26,0.22265625,0.20689655172413793,0.2261904761904762,0.2126865671641791,0.0245299162182439
182,2019-09-27,0.22265625,0.19923371647509577,0.23015873015873015,0.20522388059701493,0.01204186027956172
183,2019-09-30,0.21484375,0.1839080459770115,0.2222222222222222,0.19776119402985073,0.006834307643385866
184,2019-10-01,0.1875,0.21839080459770116,0.21031746031746032,0.23880597014925373,0.043358443458837485
185,2019-10-02,0.2265625,0.20689655172413793,0.25,0.22014925373134328,0.008167084781435782
186,2019-10-04,0.21875,0.21455938697318008,0.2261904761904762,0.23134328358208955,0.020996759271632064
187,2019-10-07,0.23046875,0.210727969348659,0.24603174603174602,0.21641791044776118,0.0037008676414027743
188,2019-10-08,0.2265625,0.20306513409961685,0.2261904761904762,0.22014925373134328,0.012489605229165238
189,2019-10-10,0.23046875,0.20306513409961685,0.24206349206349206,0.22388059701492538,0.002046612728118499
190,2019-10-11,0.2265625,0.20306513409961685,0.23809523809523808,0.22761194029850745,0.003489776813086237
191,2019-10-14,0.24609375,0.24521072796934865,0.24206349206349206,0.2537313432835821,0.061226410599935624
192,2019-10-15,0.265625,0.22988505747126436,0.26587301587301587,0.2574626865671642,0.02774624326107055
193,2019-10-16,0.265625,0.2260536398467433,0.25793650793650796,0.23880597014925373,0.018161557687637477
194,2019-10-17,0.2421875,0.22988505747126436,0.25793650793650796,0.2537313432835821,0.009785706013609742
195,2019-10-18,0.2734375,0.2413793103448276,0.2777777777777778,0.25,0.009413876297676026
196,2019-10-21,0.26953125,0.22988505747126436,0.2698412698412698,0.24253731343283583,0.0024835126443406162
197,2019-10-22,0.2578125,0.2222222222222222,0.25793650793650796,0.24253731343283583,0.00867641402774082
198,2019-10-23,0.25390625,0.21839080459770116,0.24206349206349206,0.23507462686567165,0.012367985926245252
199,2019-10-24,0.23828125,0.20689655172413793,0.23809523809523808,0.22014925373134328,0.007056243505083803
200,2019-10-25,0.2265625,0.23371647509578544,0.24603174603174602,0.2574626865671642,0.022828407945226385
201,2019-10-28,0.28125,0.2835249042145594,0.2976190476190476,0.29850746268656714,0.053666260365237486
202,2019-10-29,0.33984375,0.30268199233716475,0.32936507936507936,0.30597014925373134,0.029802539054708158
203,2019-10-30,0.328125,0.28735632183908044,0.3055555555555556,0.291044776119403,0.019744157916080356
204,2019-10-31,0.30078125,0.2720306513409962,0.3055555555555556,0.27611940298507465,0.013179426816746435
205,2019-11-01,0.29296875,0.26053639846743293,0.29365079365079366,0.26492537313432835,0.008652012702632671
206,2019-11-04,0.28515625,0.24521072796934865,0.2777777777777778,0.26492537313432835,0.006556210001677107
207,2019-11-05,0.28125,0.2681992337164751,0.29365079365079366,0.2873134328358209,0.014238754184536764
208,2019-11-06,0.30859375,0.2681992337164751,0.29365079365079366,0.26492537313432835,0.011494573416421782
209,2019-11-07,0.27734375,0.24521072796934865,0.26587301587301587,0.23134328358208955,0.008151204553984446
210,2019-11-08,0.2421875,0.2260536398467433,0.25396825396825395,0.22014925373134328,0.010714118335581741
211,2019-11-11,0.234375,0.23371647509578544,0.25793650793650796,0.2574626865671642,0.00976750185043382
212,2019-11-12,0.26953125,0.2413793103448276,0.27380952380952384,0.26492537313432835,0.0027151315715576605
213,2019-11-13,0.27734375,0.23754789272030652,0.25396825396825395,0.25,0.006974905754723303
214,2019-11-14,0.25390625,0.2260536398467433,0.2619047619047619,0.23880597014925373,0.0010174965247477853
215,2019-11-15,0.24609375,0.23754789272030652,0.2698412698412698,0.2537313432835821,0.003408051740104972
216,2019-11-18,0.265625,0.2413793103448276,0.2777777777777778,0.2537313432835821,0.0016112621023794392
217,2019-11-19,0.265625,0.2413793103448276,0.27380952380952384,0.25,0.010810174345531285
218,2019-11-20,0.265625,0.2260536398467433,0.25793650793650796,0.23880597014925373,0.0067909275098602655
219,2019-11-21,0.24609375,0.20689655172413793,0.23809523809523808,0.2126865671641791,0.008263140791385326
220,2019-11-22,0.21875,0.20689655172413793,0.24206349206349206,0.23134328358208955,0.006870328647116944
221,2019-11-25,0.23046875,0.210727969348659,0.25,0.23880597014925373,0.007146102353101118
222,2019-11-26,0.25,0.2222222222222222,0.25793650793650796,0.23507462686567165,0.004757871073468516
223,2019-11-27,0.24609375,0.21455938697318008,0.24206349206349206,0.22014925373134328,0.01431505674082733
224,2019-11-28,0.22265625,0.19923371647509577,0.24206349206349206,0.22388059701492538,0.0
225,2019-11-29,0.2265625,0.20689655172413793,0.24603174603174602,0.21641791044776118,0.0020744999568135278
226,2019-12-02,0.23046875,0.20306513409961685,0.24603174603174602,0.21641791044776118,0.001130207407390193
227,2019-12-03,0.21875,0.19923371647509577,0.2261904761904762,0.21641791044776118,0.0019048526489187695
228,2019-12-04,0.2265625,0.19540229885057472,0.24206349206349206,0.208955223880597,0.00109922159772905
229,2019-12-05,0.21875,0.19157088122605365,0.2261904761904762,0.21641791044776118,0.004909314218187353
230,2019-12-06,0.2265625,0.23754789272030652,0.25,0.2462686567164179,0.008224408529308896
231,2019-12-09,0.26953125,0.23371647509578544,0.25,0.21641791044776118,0.0036021003731078805
232,2019-12-10,0.2578125,0.25287356321839083,0.2698412698412698,0.26865671641791045,0.03107528118653961
233,2019-12-11,0.29296875,0.26436781609195403,0.2896825396825397,0.27611940298507465,0.01066609033060697
234,2019-12-12,0.296875,0.29118773946360155,0.31746031746031744,0.31343283582089554,0.04194432857042706
235,2019-12-13,0.34375,0.3218390804597701,0.34523809523809523,0.31343283582089554,0.03838754494394861
236,2019-12-16,0.3359375,0.2988505747126437,0.3373015873015873,0.31343283582089554,0.015842657157121683
237,2019-12-17,0.328125,0.31800766283524906,0.3333333333333333,0.3246268656716418,0.028190889629707956
238,2019-12-18,0.34375,0.31417624521072796,0.3611111111111111,0.3283582089552239,0.020750034762205213
239,2019-12-19,0.359375,0.31800766283524906,0.34523809523809523,0.31343283582089554,0.008204267753029154
240,2019-12-20,0.328125,0.29118773946360155,0.3333333333333333,0.30970149253731344,0.014941357418603182
241,2019-12-23,0.32421875,0.28735632183908044,0.3333333333333333,0.29850746268656714,0.006185929576226447
242,2019-12-24,0.31640625,0.28735632183908044,0.3253968253968254,0.31343283582089554,0.01831377547759784
243,2019-12-26,0.31640625,0.32567049808429116,0.3412698412698413,0.3358208955223881,0.03885310673410728
244,2019-12-27,0.35546875,0.36398467432950193,0.38095238095238093,0.35447761194029853,0.06180468327273671
245,2019-12-30,0.37109375,0.3448275862068966,0.376984126984127,0.3582089552238806,0.014715548330697603
246,2020-01-02,0.390625,0.3716475095785441,0.4087301587301587,0.3917910447761194,0.03766054038477404
247,2020-01-03,0.4296875,0.38697318007662834,0.4087301587301587,0.3805970149253731,0.02474100704656044
248,2020-01-06,0.3828125,0.4942528735632184,0.4007936507936508,0.503731343283582,0.20192638778663327
249,2020-01-07,0.546875,0.5287356321839081,0.5357142857142857,0.5074626865671642,0.11807452629475174
250,2020-01-08,0.515625,0.5134099616858238,0.5396825396825397,0.503731343283582,0.08687956241839596
251,2020-01-09,0.5546875,0.524904214559387,0.5595238095238095,0.5373134328358209,0.06812268986264378
252,2020-01-10,0.5625,0.5632183908045977,0.5793650793650794,0.5559701492537313,0.08123007467192805
253,2020-01-13,0.57421875,0.5478927203065134,0.5674603174603174,0.5410447761194029,0.03981250486574042
254,2020-01-14,0.56640625,0.5325670498084292,0.5714285714285714,0.5410447761194029,0.04083000139048821
255,2020-01-15,0.57421875,0.5287356321839081,0.5753968253968254,0.5373134328358209,0.01491308286728739
256,2020-01-16,0.5859375,0.5402298850574713,0.5714285714285714,0.5373134328358209,0.03719420394937383
257,2020-01-17,0.6015625,0.5555555555555556,0.5634920634920635,0.5335820895522388,0.07184640953867165
258,2020-01-20,0.56640625,0.5632183908045977,0.5793650793650794,0.5335820895522388,0.05648635636702227
259,2020-01-21,0.5625,0.5632183908045977,0.5793650793650794,0.5783582089552238,0.05997342192176316
260,2020-01-22,0.59765625,0.5632183908045977,0.5992063492063492,0.5783582089552238,0.027136210133366798
261,2020-01-23,0.61328125,0.5708812260536399,0.5992063492063492,0.582089552238806,0.03006281985586176
262,2020-01-28,0.55859375,0.5325670498084292,0.5595238095238095,0.5447761194029851,0.0458853362367037
263,2020-01-29,0.5859375,0.5402298850574713,0.5873015873015873,0.5373134328358209,0.015709030852958
264,2020-01-30,0.55859375,0.5517241379310345,0.5753968253968254,0.5485074626865671,0.03908472566132432
265,2020-01-31,0.57421875,0.5478927203065134,0.5634920634920635,0.5111940298507462,0.021750876414260135
266,2020-02-03,0.5,0.5210727969348659,0.5079365079365079,0.5298507462686567,0.029118527306438425
267,2020-02-04,0.5625,0.5517241379310345,0.5714285714285714,0.5634328358208955,0.035330020175635315
268,2020-02-05,0.6171875,0.632183908045977,0.6349206349206349,0.6119402985074627,0.17065938190281532
269,2020-02-06,0.6484375,0.6130268199233716,0.6428571428571429,0.5970149253731343,0.05902022095206224
270,2020-02-07,0.62890625,0.6168582375478927,0.6388888888888888,0.5970149253731343,0.053234395643085304
271,2020-02-10,0.609375,0.5862068965517241,0.6349206349206349,0.5970149253731343,0.018279691086970584
272,2020-02-11,0.62890625,0.5823754789272031,0.6111111111111112,0.5932835820895522,0.04531984521038784
273,2020-02-12,0.625,0.5977011494252874,0.626984126984127,0.5932835820895522,0.035825018484972077
274,2020-02-13,0.62109375,0.5938697318007663,0.623015873015873,0.5746268656716418,0.029250216997498284
275,2020-02-14,0.59375,0.5862068965517241,0.6190476190476191,0.585820895522388,0.02794029189407346
276,2020-02-17,0.6171875,0.5862068965517241,0.623015873015873,0.585820895522388,0.019885530672659323
277,2020-02-18,0.60546875,0.5708812260536399,0.6031746031746031,0.5597014925373134,0.025058998918207922
278,2020-02-19,0.625,0.5938697318007663,0.6309523809523809,0.5746268656716418,0.040803663452276234
279,2020-02-20,0.6015625,0.5708812260536399,0.5833333333333334,0.5634328358208955,0.028585184057646
280,2020-02-21,0.5546875,0.5402298850574713,0.5674603174603174,0.5261194029850746,0.0308541199700832
281,2020-02-24,0.51171875,0.4827586206896552,0.5119047619047619,0.48507462686567165,0.03330471019165885
282,2020-02-25,0.4921875,0.5095785440613027,0.5079365079365079,0.5223880597014925,0.049420042473798595
283,2020-02-26,0.515625,0.49808429118773945,0.5357142857142857,0.5074626865671642,0.019808453471127228
284,2020-02-27,0.52734375,0.48659003831417624,0.4444444444444444,0.4626865671641791,0.052209152665922236
285,2020-02-28,0.453125,0.42911877394636017,0.4166666666666667,0.376865671641791,0.03673600128900968
286,2020-03-02,0.42578125,0.42528735632183906,0.4246031746031746,0.43656716417910446,0.04049148141994022
287,2020-03-03,0.5,0.4559386973180077,0.4642857142857143,0.4216417910447761,0.023606926412962602
288,2020-03-04,0.42578125,0.47509578544061304,0.4523809523809524,0.48880597014925375,0.04968923169522977
289,2020-03-05,0.51953125,0.4789272030651341,0.5198412698412699,0.5,0.018259937633311605
290,2020-03-06,0.4921875,0.47126436781609193,0.49206349206349204,0.4626865671641791,0.014387486070910251
291,2020-03-09,0.4453125,0.42528735632183906,0.4246031746031746,0.39925373134328357,0.02864560638648523
292,2020-03-10,0.37890625,0.39080459770114945,0.40476190476190477,0.41044776119402987,0.02461628916267434
293,2020-03-11,0.4296875,0.3946360153256705,0.376984126984127,0.34328358208955223,0.021733446896325743
294,2020-03-12,0.32421875,0.31800766283524906,0.28174603174603174,0.26492537313432835,0.04753920382736721
295,2020-03-13,0.16796875,0.20306513409961685,0.12301587301587301,0.19776119402985073,0.07791536768342727
296,2020-03-16,0.21875,0.1839080459770115,0.12301587301587301,0.09701492537313433,0.0680529717909062
297,2020-03-17,0.0234375,0.13409961685823754,0.04365079365079365,0.1455223880597015,0.06053310310876755
298,2020-03-18,0.14453125,0.14942528735632185,0.12301587301587301,0.10074626865671642,0.035197943161954695
299,2020-03-19,0.12109375,0.16475095785440613,0.003968253968253968,0.0,0.06388770432720706
300,2020-03-20,0.01171875,0.05363984674329502,0.031746031746031744,0.08582089552238806,0.03108690086516254
301,2020-03-23,0.04296875,0.0421455938697318,0.015873015873015872,0.05970149253731343,0.030581832167685907
302,2020-03-24,0.0859375,0.09578544061302682,0.07936507936507936,0.11194029850746269,0.04547864748490119
303,2020-03-25,0.15625,0.13026819923371646,0.14682539682539683,0.13432835820895522,0.04498326185294367
304,2020-03-26,0.171875,0.14942528735632185,0.14682539682539683,0.14925373134328357,0.029737081531798992
305,2020-03-27,0.1875,0.16475095785440613,0.16666666666666666,0.16417910447761194,0.022274923920154215
306,2020-03-30,0.13671875,0.14942528735632185,0.14682539682539683,0.17537313432835822,0.018751450039061486
307,2020-03-31,0.19921875,0.18773946360153257,0.20238095238095238,0.208955223880597,0.032370100707754625
308,2020-04-01,0.21875,0.22988505747126436,0.21825396825396826,0.1865671641791045,0.03925049974301144
309,2020-04-02,0.19921875,0.19157088122605365,0.1984126984126984,0.21641791044776118,0.02557297603596213
310,2020-04-03,0.234375,0.19540229885057472,0.20238095238095238,0.19029850746268656,0.039260957453772075
311,2020-04-06,0.1953125,0.2260536398467433,0.21825396825396826,0.2537313432835821,0.04355210476921963
312,2020-04-07,0.2890625,0.3065134099616858,0.29365079365079366,0.3208955223880597,0.05160144347394306
313,2020-04-08,0.33203125,0.3103448275862069,0.3333333333333333,0.3283582089552239,0.02182098180861847
314,2020-04-09,0.37109375,0.32950191570881227,0.32142857142857145,0.29850746268656714,0.037585012473725005
315,2020-04-10,0.3046875,0.2796934865900383,0.30952380952380953,0.30597014925373134,0.011632460269413869
316,2020-04-13,0.3203125,0.2796934865900383,0.26587301587301587,0.23134328358208955,0.030164298382502005
317,2020-04-14,0.2578125,0.23371647509578544,0.25396825396825395,0.2537313432835821,0.028113425105555097
318,2020-04-16,0.2421875,0.2835249042145594,0.2619047619047619,0.26492537313432835,0.06535914296349059
319,2020-04-17,0.3046875,0.2950191570881226,0.3134920634920635,0.2835820895522388,0.05569544357542159
320,2020-04-20,0.30859375,0.27586206896551724,0.2896825396825397,0.26492537313432835,0.03999764507846575
321,2020-04-21,0.265625,0.2260536398467433,0.21825396825396826,0.22014925373134328,0.04486861435719744
322,2020-04-22,0.19921875,0.19157088122605365,0.20238095238095238,0.21641791044776118,0.04642603861529065
323,2020-04-23,0.25390625,0.22988505747126436,0.26587301587301587,0.2462686567164179,0.025016006107303083
324,2020-04-24,0.2421875,0.210727969348659,0.24603174603174602,0.2126865671641791,0.021957706693748264
325,2020-04-27,0.234375,0.210727969348659,0.25,0.23134328358208955,0.015674946462330745
326,2020-04-28,0.28125,0.24521072796934865,0.2777777777777778,0.27238805970149255,0.04943979592745757
327,2020-04-29,0.28515625,0.28735632183908044,0.30158730158730157,0.2835820895522388,0.05495836862810715
328,2020-05-04,0.265625,0.27586206896551724,0.2896825396825397,0.2947761194029851,0.037081880389352194
329,2020-05-06,0.3203125,0.2950191570881226,0.32142857142857145,0.291044776119403,0.036430791063847424
330,2020-05-07,0.3046875,0.42528735632183906,0.31746031746031744,0.31343283582089554,0.25755559919390414
331,2020-05-08,0.3359375,0.3333333333333333,0.3531746031746032,0.34701492537313433,0.06765945200820969
332,2020-05-11,0.375,0.3563218390804598,0.35714285714285715,0.373134328358209,0.08040469016707937
333,2020-05-12,0.37890625,0.3831417624521073,0.3968253968253968,0.3880597014925373,0.05134000070492717
334,2020-05-13,0.37890625,0.3716475095785441,0.40476190476190477,0.3656716417910448,0.03430516452109301
335,2020-05-14,0.3828125,0.3486590038314176,0.376984126984127,0.3656716417910448,0.03675033222597796
336,2020-05-15,0.3984375,0.3716475095785441,0.39285714285714285,0.3843283582089552,0.027408110613143327
337,2020-05-18,0.421875,0.38697318007662834,0.40476190476190477,0.3694029850746269,0.05897374223757053
338,2020-05-19,0.40625,0.367816091954023,0.4087301587301587,0.3843283582089552,0.030558592810440047
339,2020-05-20,0.40234375,0.41379310344827586,0.42063492063492064,0.4216417910447761,0.06783762041376126
340,2020-05-21,0.4609375,0.4789272030651341,0.4722222222222222,0.47388059701492535,0.13535686163325428
341,2020-05-22,0.5,0.45977011494252873,0.45634920634920634,0.4216417910447761,0.07940462316026596
342,2020-05-25,0.453125,0.4521072796934866,0.44841269841269843,0.4701492537313433,0.05755265554198635
343,2020-05-26,0.49609375,0.45977011494252873,0.47619047619047616,0.44029850746268656,0.055131114516968026
344,2020-05-27,0.46484375,0.421455938697318,0.44047619047619047,0.39552238805970147,0.0556617465074151
345,2020-05-28,0.43359375,0.41379310344827586,0.39285714285714285,0.3805970149253731,0.06395199988225392
346,2020-05-29,0.3984375,0.3563218390804598,0.3888888888888889,0.3619402985074627,0.02714550587626514
347,2020-06-01,0.390625,0.39846743295019155,0.40476190476190477,0.4141791044776119,0.046032906155214895
348,2020-06-02,0.4453125,0.421455938697318,0.4603174603174603,0.44402985074626866,0.036384312349355706
349,2020-06-03,0.48828125,0.4789272030651341,0.4801587301587302,0.43283582089552236,0.08088303360372326
350,2020-06-04,0.484375,0.44061302681992337,0.4365079365079365,0.44029850746268656,0.07394259956224797
351,2020-06-05,0.46875,0.42528735632183906,0.4642857142857143,0.43656716417910446,0.020377043078409204
352,2020-06-08,0.46875,0.42528735632183906,0.4523809523809524,0.4216417910447761,0.03478505724821996
353,2020-06-09,0.44140625,0.40229885057471265,0.44047619047619047,0.41044776119402987,0.021074611118405688
354,2020-06-10,0.41796875,0.41379310344827586,0.44047619047619047,0.43283582089552236,0.029214970639008735
355,2020-06-11,0.4375,0.4099616858237548,0.4365079365079365,0.40298507462686567,0.02640998021943376
356,2020-06-12,0.34375,0.3448275862068966,0.36507936507936506,0.3582089552238806,0.06953176955698426
357,2020-06-15,0.36328125,0.3218390804597701,0.29365079365079366,0.2574626865671642,0.059604303464174786
358,2020-06-16,0.3125,0.3103448275862069,0.32142857142857145,0.30970149253731344,0.05063274959941158
359,2020-06-17,0.30859375,0.2988505747126437,0.3134920634920635,0.29850746268656714,0.03694593014946393
360,2020-06-18,0.3125,0.2835249042145594,0.31746031746031744,0.2873134328358209,0.019856094153481236
361,2020-06-19,0.31640625,0.28735632183908044,0.3253968253968254,0.30970149253731344,0.016370577889223407
362,2020-06-22,0.3203125,0.3065134099616858,0.3333333333333333,0.30597014925373134,0.033378301489604065
363,2020-06-23,0.33203125,0.3103448275862069,0.3373015873015873,0.3208955223880597,0.027057196318730884
364,2020-06-24,0.3359375,0.3065134099616858,0.3531746031746032,0.3208955223880597,0.031586934368569235
365,2020-06-25,0.31640625,0.29118773946360155,0.32142857142857145,0.30597014925373134,0.01869025306498073
366,2020-06-26,0.33984375,0.2988505747126437,0.32936507936507936,0.2947761194029851,0.028822225501553746
367,2020-06-29,0.30078125,0.2720306513409962,0.2976190476190476,0.2798507462686567,0.020370458593856212
368,2020-06-30,0.3203125,0.2835249042145594,0.32142857142857145,0.29850746268656714,0.025861531388431527
369,2020-07-01,0.3203125,0.28735632183908044,0.32142857142857145,0.2873134328358209,0.03179066606709125
370,2020-07-02,0.30859375,0.28735632183908044,0.32936507936507936,0.31343283582089554,0.031212780716910932
371,2020-07-03,0.34375,0.3524904214559387,0.3531746031746032,0.3582089552238806,0.06592811989339332
372,2020-07-06,0.3984375,0.36015325670498083,0.3968253968253968,0.3619402985074627,0.0333670691336019
373,2020-07-07,0.3828125,0.3448275862068966,0.36507936507936506,0.3283582089552239,0.026196565455392635
374,2020-07-08,0.3515625,0.3333333333333333,0.36507936507936506,0.35447761194029853,0.022131227227850665
375,2020-07-09,0.51953125,0.5517241379310345,0.5,0.5335820895522388,0.8652655658183139
376,2020-07-10,0.56640625,0.5862068965517241,0.5634920634920635,0.5634328358208955,0.396817447489704
377,2020-07-13,0.61328125,0.6283524904214559,0.6111111111111112,0.5970149253731343,0.37606547611439495
378,2020-07-14,0.6015625,0.5938697318007663,0.6031746031746031,0.585820895522388,0.19873291277843172
379,2020-07-15,0.625,0.5977011494252874,0.5992063492063492,0.6082089552238806,0.23775876540139987
380,2020-07-16,0.6328125,0.5900383141762452,0.5912698412698413,0.5522388059701493,0.14258585102719895
381,2020-07-17,0.60546875,0.5823754789272031,0.6150793650793651,0.5708955223880597,0.11698731169826639
382,2020-07-20,0.60546875,0.5593869731800766,0.5992063492063492,0.5671641791044776,0.06917272148753577
383,2020-07-21,0.609375,0.5670498084291188,0.5793650793650794,0.5447761194029851,0.10014265092122748
384,2020-07-22,0.546875,0.5402298850574713,0.5714285714285714,0.5522388059701493,0.08347344729139482
385,2020-07-23,0.62109375,0.6015325670498084,0.623015873015873,0.6007462686567164,0.27630046474841263
386,2020-07-24,0.60546875,0.5670498084291188,0.5833333333333334,0.5522388059701493,0.09647354373472738
387,2020-07-27,0.578125,0.6091954022988506,0.6071428571428571,0.6231343283582089,0.2566213770326207
388,2020-07-28,0.65625,0.6130268199233716,0.626984126984127,0.585820895522388,0.14301849039459266
389,2020-07-29,0.640625,0.6091954022988506,0.6150793650793651,0.5895522388059702,0.11587685774453517
390,2020-07-30,0.66015625,0.7318007662835249,0.6865079365079365,0.7014925373134329,1.0
391,2020-07-31,0.7890625,0.7701149425287356,0.7658730158730159,0.7201492537313433,0.4249084078832548
392,2020-08-03,0.76171875,0.7203065134099617,0.7341269841269841,0.7201492537313433,0.16599795416191712
393,2020-08-04,0.78125,0.7394636015325671,0.7619047619047619,0.7052238805970149,0.13961934707476528
394,2020-08-05,0.76171875,0.735632183908046,0.7380952380952381,0.7014925373134329,0.17291553616876731
395,2020-08-06,0.7421875,0.7011494252873564,0.7222222222222222,0.6940298507462687,0.13050138525935318
396,2020-08-07,0.734375,0.6896551724137931,0.7063492063492064,0.667910447761194,0.10957860460828708
397,2020-08-10,0.69921875,0.7241379310344828,0.6865079365079365,0.7276119402985075,0.23079083145385032
398,2020-08-11,0.78515625,0.735632183908046,0.75,0.6902985074626866,0.1409846593129594
399,2020-08-12,0.75,0.7432950191570882,0.7658730158730159,0.7276119402985075,0.30083580348334726
400,2020-08-13,0.7890625,0.7509578544061303,0.7738095238095238,0.7238805970149254,0.11604882898815451
401,2020-08-14,0.76953125,0.7203065134099617,0.7182539682539683,0.6828358208955224,0.08299045598330175
402,2020-08-18,0.72265625,0.685823754789272,0.626984126984127,0.5970149253731343,0.12126180414102107
403,2020-08-19,0.64453125,0.6283524904214559,0.6507936507936508,0.6156716417910447,0.057195156763020914
404,2020-08-20,0.6328125,0.6015325670498084,0.5674603174603174,0.5223880597014925,0.15116388510926565
405,2020-08-21,0.57421875,0.5478927203065134,0.5515873015873016,0.5447761194029851,0.06155369821448145
406,2020-08-24,0.5703125,0.5632183908045977,0.5634920634920635,0.5671641791044776,0.05113936758737127
407,2020-08-25,0.6015625,0.6283524904214559,0.6071428571428571,0.6305970149253731,0.12678812329408592
408,2020-08-26,0.66796875,0.6398467432950191,0.6626984126984127,0.6417910447761194,0.06237482217050174
409,2020-08-27,0.67578125,0.6283524904214559,0.6468253968253969,0.5970149253731343,0.05832071629896193
410,2020-08-28,0.625,0.6091954022988506,0.6349206349206349,0.585820895522388,0.038678424232142586
411,2020-08-31,0.64453125,0.5977011494252874,0.6150793650793651,0.5932835820895522,0.05471241876392183
412,2020-09-01,0.6171875,0.5977011494252874,0.6388888888888888,0.6044776119402985,0.03781353281997593
413,2020-09-02,0.64453125,0.6091954022988506,0.6547619047619048,0.6082089552238806,0.04173594900045588
414,2020-09-03,0.703125,0.6896551724137931,0.7103174603174603,0.6492537313432836,0.18088934696244172
415,2020-09-04,0.62109375,0.6130268199233716,0.6428571428571429,0.6231343283582089,0.10376295545751128
416,2020-09-07,0.6640625,0.6819923371647509,0.6904761904761905,0.667910447761194,0.13177257810070156
417,2020-09-08,0.7109375,0.6896551724137931,0.7103174603174603,0.6828358208955224,0.10368936415956607
418,2020-09-09,0.68359375,0.6666666666666666,0.6944444444444444,0.664179104477612,0.043234887542813676
419,2020-09-10,0.7109375,0.7203065134099617,0.7261904761904762,0.7276119402985075,0.1496579747597341
420,2020-09-11,0.75,0.7318007662835249,0.7579365079365079,0.7201492537313433,0.10199134179013543
421,2020-09-14,0.796875,0.7547892720306514,0.7817460317460317,0.7276119402985075,0.1909736787166607
422,2020-09-15,0.76953125,0.7279693486590039,0.7619047619047619,0.7201492537313433,0.08649766231432238
423,2020-09-16,0.7578125,0.7088122605363985,0.7261904761904762,0.6753731343283582,0.09059011312531785
424,2020-09-17,0.69921875,0.6704980842911877,0.6825396825396826,0.6567164179104478,0.07964476318513983
425,2020-09-18,0.69921875,0.6513409961685823,0.6825396825396826,0.6455223880597015,0.03504727466247738
426,2020-09-21,0.6953125,0.6666666666666666,0.6587301587301587,0.6268656716417911,0.06731589684359177
427,2020-09-22,0.66015625,0.6130268199233716,0.626984126984127,0.5746268656716418,0.051800139978395145
428,2020-09-23,0.625,0.6590038314176245,0.6150793650793651,0.6529850746268657,0.10070155746299035
429,2020-09-24,0.65234375,0.6283524904214559,0.6349206349206349,0.5932835820895522,0.05836603304559136
430,2020-09-25,0.640625,0.5938697318007663,0.626984126984127,0.582089552238806,0.03264393780063498
431,2020-09-28,0.6328125,0.6053639846743295,0.6507936507936508,0.6231343283582089,0.024491958601409004
432,2020-09-29,0.69140625,0.6743295019157088,0.7103174603174603,0.6567164179104478,0.09413605171841491
433,2020-10-05,0.68359375,0.685823754789272,0.7142857142857143,0.6865671641791045,0.06983581781428423
434,2020-10-06,0.71875,0.6743295019157088,0.7182539682539683,0.6753731343283582,0.04055887555595321
435,2020-10-07,0.69921875,0.6704980842911877,0.7023809523809523,0.6828358208955224,0.03295689447821252
436,2020-10-08,0.73046875,0.685823754789272,0.7261904761904762,0.6902985074626866,0.05308450178884953
437,2020-10-12,0.75,0.7011494252873564,0.75,0.7089552238805971,0.09738839976497263
438,2020-10-13,0.75,0.7011494252873564,0.7341269841269841,0.6828358208955224,0.060773630456262176
439,2020-10-14,0.71484375,0.6666666666666666,0.7142857142857143,0.664179104477612,0.03496128904066771
440,2020-10-15,0.7109375,0.6704980842911877,0.6904761904761905,0.6567164179104478,0.06591185234332123
441,2020-10-16,0.6875,0.6513409961685823,0.6626984126984127,0.6343283582089553,0.039925603071003596
442,2020-10-19,0.66796875,0.6551724137931034,0.6587301587301587,0.6194029850746269,0.07822135255383107
443,2020-10-20,0.62890625,0.6206896551724138,0.6388888888888888,0.6119402985074627,0.06320136864321273
444,2020-10-21,0.64453125,0.6091954022988506,0.6547619047619048,0.6119402985074627,0.0314192236737783
445,2020-10-22,0.640625,0.5938697318007663,0.6071428571428571,0.5671641791044776,0.07892821633672589
446,2020-10-23,0.59375,0.5517241379310345,0.5714285714285714,0.5335820895522388,0.10076933892162411
447,2020-10-26,0.55859375,0.5287356321839081,0.5119047619047619,0.4701492537313433,0.07934962334811743
448,2020-10-27,0.47265625,0.4674329501915709,0.4801587301587302,0.45149253731343286,0.05594759060153914
449,2020-10-28,0.4765625,0.4904214559386973,0.503968253968254,0.4925373134328358,0.03594702511051283
450,2020-10-29,0.48046875,0.47509578544061304,0.5,0.4962686567164179,0.03033123443205141
451,2020-10-30,0.515625,0.49808429118773945,0.5119047619047619,0.4664179104477612,0.028090573070930006
452,2020-11-02,0.4921875,0.47509578544061304,0.5198412698412699,0.48507462686567165,0.014144247465070278
453,2020-11-03,0.5234375,0.5134099616858238,0.5515873015873016,0.5335820895522388,0.024979985103572005
454,2020-11-04,0.5625,0.524904214559387,0.5595238095238095,0.5373134328358209,0.022624288924083604
455,2020-11-05,0.57421875,0.5440613026819924,0.5952380952380952,0.5522388059701493,0.023598405315305788
456,2020-11-06,0.59375,0.5478927203065134,0.5714285714285714,0.5223880597014925,0.027851207691297675
457,2020-11-09,0.57421875,0.5440613026819924,0.5873015873015873,0.5485074626865671,0.03112602044985973
458,2020-11-10,0.59765625,0.578544061302682,0.6150793650793651,0.5932835820895522,0.06297827081365251
459,2020-11-11,0.62890625,0.5823754789272031,0.623015873015873,0.585820895522388,0.02387030579508232
460,2020-11-12,0.61328125,0.5862068965517241,0.626984126984127,0.582089552238806,0.02472822540007522
461,2020-11-13,0.625,0.5900383141762452,0.6309523809523809,0.585820895522388,0.023362138516639572
462,2020-11-16,0.625,0.6015325670498084,0.6468253968253969,0.6156716417910447,0.0533385854280709
463,2020-11-17,0.6328125,0.5938697318007663,0.6388888888888888,0.582089552238806,0.02735582205934015
464,2020-11-18,0.609375,0.5708812260536399,0.623015873015873,0.582089552238806,0.02192749552932865
465,2020-11-19,0.609375,0.578544061302682,0.6309523809523809,0.585820895522388,0.022608021374011505
466,2020-11-20,0.62109375,0.5862068965517241,0.6388888888888888,0.5932835820895522,0.019463736338647012
467,2020-11-23,0.609375,0.5977011494252874,0.6349206349206349,0.6119402985074627,0.05485030561691391
468,2020-11-24,0.6484375,0.6053639846743295,0.6547619047619048,0.6044776119402985,0.03394417983854069
469,2020-11-25,0.6484375,0.6091954022988506,0.626984126984127,0.5895522388059702,0.04396963855440353
470,2020-11-26,0.6171875,0.5900383141762452,0.626984126984127,0.6007462686567164,0.021687355504454792
471,2020-11-27,0.6328125,0.632183908045977,0.6626984126984127,0.6268656716417911,0.05017609622953048
472,2020-11-30,0.67578125,0.6513409961685823,0.6944444444444444,0.6492537313432836,0.08011923339557608
473,2020-12-01,0.6796875,0.6398467432950191,0.6865079365079365,0.6343283582089553,0.01809610016472831
474,2020-12-02,0.6953125,0.6743295019157088,0.7222222222222222,0.667910447761194,0.09726329455846577
475,2020-12-03,0.7265625,0.6819923371647509,0.7301587301587301,0.6753731343283582,0.0673774811402933
476,2020-12-04,0.703125,0.6628352490421456,0.7023809523809523,0.6567164179104478,0.04224992611821009
477,2020-12-07,0.6953125,0.6513409961685823,0.6944444444444444,0.6567164179104478,0.03988377222796105
478,2020-12-08,0.67578125,0.6590038314176245,0.7063492063492064,0.6529850746268657,0.034498825831475156
479,2020-12-09,0.69140625,0.6475095785440613,0.7023809523809523,0.6604477611940298,0.025354138755230307
480,2020-12-10,0.7109375,0.6896551724137931,0.7142857142857143,0.6604477611940298,0.1670100281699742
481,2020-12-11,0.69140625,0.6513409961685823,0.6944444444444444,0.6455223880597015,0.06734223478180373
482,2020-12-14,0.66015625,0.6283524904214559,0.6825396825396826,0.6268656716417911,0.04209538439252514
483,2020-12-15,0.65625,0.6206896551724138,0.6666666666666666,0.6231343283582089,0.04120841559097492
484,2020-12-16,0.671875,0.6704980842911877,0.6904761904761905,0.6791044776119403,0.0952120339588981
485,2020-12-17,0.734375,0.7471264367816092,0.746031746031746,0.7350746268656716,0.2702245347964833
486,2020-12-18,0.7890625,0.7432950191570882,0.75,0.6940298507462687,0.11770540783716338
487,2020-12-21,0.74609375,0.7049808429118773,0.746031746031746,0.7052238805970149,0.06592153540884033
488,2020-12-22,0.7421875,0.7203065134099617,0.7380952380952381,0.6753731343283582,0.10349725213966698
489,2020-12-23,0.69921875,0.8505747126436781,0.7301587301587301,0.8432835820895522,0.5726243470224767
490,2020-12-24,0.86328125,0.8275862068965517,0.8174603174603174,0.8171641791044776,0.19810118958396516
491,2020-12-28,0.89453125,0.9348659003831418,0.9246031746031746,0.8880597014925373,0.2741636058496561
492,2020-12-29,0.9375,0.9846743295019157,0.9563492063492064,0.9552238805970149,0.23413148905794232
493,2020-12-30,1.0,1.0,1.0,1.0,0.15475668973947518
